ARM GAS  C:\Users\colle\AppData\Local\Temp\cchQjEtO.s 			page 1


   1              		.cpu cortex-m4
   2              		.arch armv7e-m
   3              		.fpu fpv4-sp-d16
   4              		.eabi_attribute 27, 1
   5              		.eabi_attribute 28, 1
   6              		.eabi_attribute 20, 1
   7              		.eabi_attribute 21, 1
   8              		.eabi_attribute 23, 3
   9              		.eabi_attribute 24, 1
  10              		.eabi_attribute 25, 1
  11              		.eabi_attribute 26, 1
  12              		.eabi_attribute 30, 1
  13              		.eabi_attribute 34, 1
  14              		.eabi_attribute 18, 4
  15              		.file	"stm32f4xx_hal_rcc.c"
  16              		.text
  17              	.Ltext0:
  18              		.cfi_sections	.debug_frame
  19              		.file 1 "Drivers/STM32F4xx_HAL_Driver/Src/stm32f4xx_hal_rcc.c"
  20              		.section	.text.HAL_RCC_DeInit,"ax",%progbits
  21              		.align	1
  22              		.weak	HAL_RCC_DeInit
  23              		.syntax unified
  24              		.thumb
  25              		.thumb_func
  27              	HAL_RCC_DeInit:
  28              	.LFB134:
   1:Drivers/STM32F4xx_HAL_Driver/Src/stm32f4xx_hal_rcc.c **** /**
   2:Drivers/STM32F4xx_HAL_Driver/Src/stm32f4xx_hal_rcc.c ****   ******************************************************************************
   3:Drivers/STM32F4xx_HAL_Driver/Src/stm32f4xx_hal_rcc.c ****   * @file    stm32f4xx_hal_rcc.c
   4:Drivers/STM32F4xx_HAL_Driver/Src/stm32f4xx_hal_rcc.c ****   * @author  MCD Application Team
   5:Drivers/STM32F4xx_HAL_Driver/Src/stm32f4xx_hal_rcc.c ****   * @brief   RCC HAL module driver.
   6:Drivers/STM32F4xx_HAL_Driver/Src/stm32f4xx_hal_rcc.c ****   *          This file provides firmware functions to manage the following
   7:Drivers/STM32F4xx_HAL_Driver/Src/stm32f4xx_hal_rcc.c ****   *          functionalities of the Reset and Clock Control (RCC) peripheral:
   8:Drivers/STM32F4xx_HAL_Driver/Src/stm32f4xx_hal_rcc.c ****   *           + Initialization and de-initialization functions
   9:Drivers/STM32F4xx_HAL_Driver/Src/stm32f4xx_hal_rcc.c ****   *           + Peripheral Control functions
  10:Drivers/STM32F4xx_HAL_Driver/Src/stm32f4xx_hal_rcc.c ****   *
  11:Drivers/STM32F4xx_HAL_Driver/Src/stm32f4xx_hal_rcc.c ****   @verbatim
  12:Drivers/STM32F4xx_HAL_Driver/Src/stm32f4xx_hal_rcc.c ****   ==============================================================================
  13:Drivers/STM32F4xx_HAL_Driver/Src/stm32f4xx_hal_rcc.c ****                       ##### RCC specific features #####
  14:Drivers/STM32F4xx_HAL_Driver/Src/stm32f4xx_hal_rcc.c ****   ==============================================================================
  15:Drivers/STM32F4xx_HAL_Driver/Src/stm32f4xx_hal_rcc.c ****     [..]
  16:Drivers/STM32F4xx_HAL_Driver/Src/stm32f4xx_hal_rcc.c ****       After reset the device is running from Internal High Speed oscillator
  17:Drivers/STM32F4xx_HAL_Driver/Src/stm32f4xx_hal_rcc.c ****       (HSI 16MHz) with Flash 0 wait state, Flash prefetch buffer, D-Cache
  18:Drivers/STM32F4xx_HAL_Driver/Src/stm32f4xx_hal_rcc.c ****       and I-Cache are disabled, and all peripherals are off except internal
  19:Drivers/STM32F4xx_HAL_Driver/Src/stm32f4xx_hal_rcc.c ****       SRAM, Flash and JTAG.
  20:Drivers/STM32F4xx_HAL_Driver/Src/stm32f4xx_hal_rcc.c ****       (+) There is no prescaler on High speed (AHB) and Low speed (APB) busses;
  21:Drivers/STM32F4xx_HAL_Driver/Src/stm32f4xx_hal_rcc.c ****           all peripherals mapped on these busses are running at HSI speed.
  22:Drivers/STM32F4xx_HAL_Driver/Src/stm32f4xx_hal_rcc.c ****       (+) The clock for all peripherals is switched off, except the SRAM and FLASH.
  23:Drivers/STM32F4xx_HAL_Driver/Src/stm32f4xx_hal_rcc.c ****       (+) All GPIOs are in input floating state, except the JTAG pins which
  24:Drivers/STM32F4xx_HAL_Driver/Src/stm32f4xx_hal_rcc.c ****           are assigned to be used for debug purpose.
  25:Drivers/STM32F4xx_HAL_Driver/Src/stm32f4xx_hal_rcc.c **** 
  26:Drivers/STM32F4xx_HAL_Driver/Src/stm32f4xx_hal_rcc.c ****     [..]
  27:Drivers/STM32F4xx_HAL_Driver/Src/stm32f4xx_hal_rcc.c ****       Once the device started from reset, the user application has to:
  28:Drivers/STM32F4xx_HAL_Driver/Src/stm32f4xx_hal_rcc.c ****       (+) Configure the clock source to be used to drive the System clock
  29:Drivers/STM32F4xx_HAL_Driver/Src/stm32f4xx_hal_rcc.c ****           (if the application needs higher frequency/performance)
  30:Drivers/STM32F4xx_HAL_Driver/Src/stm32f4xx_hal_rcc.c ****       (+) Configure the System clock frequency and Flash settings
ARM GAS  C:\Users\colle\AppData\Local\Temp\cchQjEtO.s 			page 2


  31:Drivers/STM32F4xx_HAL_Driver/Src/stm32f4xx_hal_rcc.c ****       (+) Configure the AHB and APB busses prescalers
  32:Drivers/STM32F4xx_HAL_Driver/Src/stm32f4xx_hal_rcc.c ****       (+) Enable the clock for the peripheral(s) to be used
  33:Drivers/STM32F4xx_HAL_Driver/Src/stm32f4xx_hal_rcc.c ****       (+) Configure the clock source(s) for peripherals which clocks are not
  34:Drivers/STM32F4xx_HAL_Driver/Src/stm32f4xx_hal_rcc.c ****           derived from the System clock (I2S, RTC, ADC, USB OTG FS/SDIO/RNG)
  35:Drivers/STM32F4xx_HAL_Driver/Src/stm32f4xx_hal_rcc.c **** 
  36:Drivers/STM32F4xx_HAL_Driver/Src/stm32f4xx_hal_rcc.c ****                       ##### RCC Limitations #####
  37:Drivers/STM32F4xx_HAL_Driver/Src/stm32f4xx_hal_rcc.c ****   ==============================================================================
  38:Drivers/STM32F4xx_HAL_Driver/Src/stm32f4xx_hal_rcc.c ****     [..]
  39:Drivers/STM32F4xx_HAL_Driver/Src/stm32f4xx_hal_rcc.c ****       A delay between an RCC peripheral clock enable and the effective peripheral
  40:Drivers/STM32F4xx_HAL_Driver/Src/stm32f4xx_hal_rcc.c ****       enabling should be taken into account in order to manage the peripheral read/write
  41:Drivers/STM32F4xx_HAL_Driver/Src/stm32f4xx_hal_rcc.c ****       from/to registers.
  42:Drivers/STM32F4xx_HAL_Driver/Src/stm32f4xx_hal_rcc.c ****       (+) This delay depends on the peripheral mapping.
  43:Drivers/STM32F4xx_HAL_Driver/Src/stm32f4xx_hal_rcc.c ****       (+) If peripheral is mapped on AHB: the delay is 2 AHB clock cycle
  44:Drivers/STM32F4xx_HAL_Driver/Src/stm32f4xx_hal_rcc.c ****           after the clock enable bit is set on the hardware register
  45:Drivers/STM32F4xx_HAL_Driver/Src/stm32f4xx_hal_rcc.c ****       (+) If peripheral is mapped on APB: the delay is 2 APB clock cycle
  46:Drivers/STM32F4xx_HAL_Driver/Src/stm32f4xx_hal_rcc.c ****           after the clock enable bit is set on the hardware register
  47:Drivers/STM32F4xx_HAL_Driver/Src/stm32f4xx_hal_rcc.c **** 
  48:Drivers/STM32F4xx_HAL_Driver/Src/stm32f4xx_hal_rcc.c ****     [..]
  49:Drivers/STM32F4xx_HAL_Driver/Src/stm32f4xx_hal_rcc.c ****       Implemented Workaround:
  50:Drivers/STM32F4xx_HAL_Driver/Src/stm32f4xx_hal_rcc.c ****       (+) For AHB & APB peripherals, a dummy read to the peripheral register has been
  51:Drivers/STM32F4xx_HAL_Driver/Src/stm32f4xx_hal_rcc.c ****           inserted in each __HAL_RCC_PPP_CLK_ENABLE() macro.
  52:Drivers/STM32F4xx_HAL_Driver/Src/stm32f4xx_hal_rcc.c **** 
  53:Drivers/STM32F4xx_HAL_Driver/Src/stm32f4xx_hal_rcc.c ****   @endverbatim
  54:Drivers/STM32F4xx_HAL_Driver/Src/stm32f4xx_hal_rcc.c ****   ******************************************************************************
  55:Drivers/STM32F4xx_HAL_Driver/Src/stm32f4xx_hal_rcc.c ****   * @attention
  56:Drivers/STM32F4xx_HAL_Driver/Src/stm32f4xx_hal_rcc.c ****   *
  57:Drivers/STM32F4xx_HAL_Driver/Src/stm32f4xx_hal_rcc.c ****   * Copyright (c) 2017 STMicroelectronics.
  58:Drivers/STM32F4xx_HAL_Driver/Src/stm32f4xx_hal_rcc.c ****   * All rights reserved.
  59:Drivers/STM32F4xx_HAL_Driver/Src/stm32f4xx_hal_rcc.c ****   *
  60:Drivers/STM32F4xx_HAL_Driver/Src/stm32f4xx_hal_rcc.c ****   * This software is licensed under terms that can be found in the LICENSE file in
  61:Drivers/STM32F4xx_HAL_Driver/Src/stm32f4xx_hal_rcc.c ****   * the root directory of this software component.
  62:Drivers/STM32F4xx_HAL_Driver/Src/stm32f4xx_hal_rcc.c ****   * If no LICENSE file comes with this software, it is provided AS-IS.
  63:Drivers/STM32F4xx_HAL_Driver/Src/stm32f4xx_hal_rcc.c ****   ******************************************************************************
  64:Drivers/STM32F4xx_HAL_Driver/Src/stm32f4xx_hal_rcc.c ****   */
  65:Drivers/STM32F4xx_HAL_Driver/Src/stm32f4xx_hal_rcc.c **** 
  66:Drivers/STM32F4xx_HAL_Driver/Src/stm32f4xx_hal_rcc.c **** /* Includes ------------------------------------------------------------------*/
  67:Drivers/STM32F4xx_HAL_Driver/Src/stm32f4xx_hal_rcc.c **** #include "stm32f4xx_hal.h"
  68:Drivers/STM32F4xx_HAL_Driver/Src/stm32f4xx_hal_rcc.c **** 
  69:Drivers/STM32F4xx_HAL_Driver/Src/stm32f4xx_hal_rcc.c **** /** @addtogroup STM32F4xx_HAL_Driver
  70:Drivers/STM32F4xx_HAL_Driver/Src/stm32f4xx_hal_rcc.c ****   * @{
  71:Drivers/STM32F4xx_HAL_Driver/Src/stm32f4xx_hal_rcc.c ****   */
  72:Drivers/STM32F4xx_HAL_Driver/Src/stm32f4xx_hal_rcc.c **** 
  73:Drivers/STM32F4xx_HAL_Driver/Src/stm32f4xx_hal_rcc.c **** /** @defgroup RCC RCC
  74:Drivers/STM32F4xx_HAL_Driver/Src/stm32f4xx_hal_rcc.c ****   * @brief RCC HAL module driver
  75:Drivers/STM32F4xx_HAL_Driver/Src/stm32f4xx_hal_rcc.c ****   * @{
  76:Drivers/STM32F4xx_HAL_Driver/Src/stm32f4xx_hal_rcc.c ****   */
  77:Drivers/STM32F4xx_HAL_Driver/Src/stm32f4xx_hal_rcc.c **** 
  78:Drivers/STM32F4xx_HAL_Driver/Src/stm32f4xx_hal_rcc.c **** #ifdef HAL_RCC_MODULE_ENABLED
  79:Drivers/STM32F4xx_HAL_Driver/Src/stm32f4xx_hal_rcc.c **** 
  80:Drivers/STM32F4xx_HAL_Driver/Src/stm32f4xx_hal_rcc.c **** /* Private typedef -----------------------------------------------------------*/
  81:Drivers/STM32F4xx_HAL_Driver/Src/stm32f4xx_hal_rcc.c **** /* Private define ------------------------------------------------------------*/
  82:Drivers/STM32F4xx_HAL_Driver/Src/stm32f4xx_hal_rcc.c **** /** @addtogroup RCC_Private_Constants
  83:Drivers/STM32F4xx_HAL_Driver/Src/stm32f4xx_hal_rcc.c ****   * @{
  84:Drivers/STM32F4xx_HAL_Driver/Src/stm32f4xx_hal_rcc.c ****   */
  85:Drivers/STM32F4xx_HAL_Driver/Src/stm32f4xx_hal_rcc.c **** 
  86:Drivers/STM32F4xx_HAL_Driver/Src/stm32f4xx_hal_rcc.c **** /* Private macro -------------------------------------------------------------*/
  87:Drivers/STM32F4xx_HAL_Driver/Src/stm32f4xx_hal_rcc.c **** #define __MCO1_CLK_ENABLE()   __HAL_RCC_GPIOA_CLK_ENABLE()
ARM GAS  C:\Users\colle\AppData\Local\Temp\cchQjEtO.s 			page 3


  88:Drivers/STM32F4xx_HAL_Driver/Src/stm32f4xx_hal_rcc.c **** #define MCO1_GPIO_PORT        GPIOA
  89:Drivers/STM32F4xx_HAL_Driver/Src/stm32f4xx_hal_rcc.c **** #define MCO1_PIN              GPIO_PIN_8
  90:Drivers/STM32F4xx_HAL_Driver/Src/stm32f4xx_hal_rcc.c **** 
  91:Drivers/STM32F4xx_HAL_Driver/Src/stm32f4xx_hal_rcc.c **** #define __MCO2_CLK_ENABLE()   __HAL_RCC_GPIOC_CLK_ENABLE()
  92:Drivers/STM32F4xx_HAL_Driver/Src/stm32f4xx_hal_rcc.c **** #define MCO2_GPIO_PORT         GPIOC
  93:Drivers/STM32F4xx_HAL_Driver/Src/stm32f4xx_hal_rcc.c **** #define MCO2_PIN               GPIO_PIN_9
  94:Drivers/STM32F4xx_HAL_Driver/Src/stm32f4xx_hal_rcc.c **** /**
  95:Drivers/STM32F4xx_HAL_Driver/Src/stm32f4xx_hal_rcc.c ****   * @}
  96:Drivers/STM32F4xx_HAL_Driver/Src/stm32f4xx_hal_rcc.c ****   */
  97:Drivers/STM32F4xx_HAL_Driver/Src/stm32f4xx_hal_rcc.c **** 
  98:Drivers/STM32F4xx_HAL_Driver/Src/stm32f4xx_hal_rcc.c **** /* Private variables ---------------------------------------------------------*/
  99:Drivers/STM32F4xx_HAL_Driver/Src/stm32f4xx_hal_rcc.c **** /** @defgroup RCC_Private_Variables RCC Private Variables
 100:Drivers/STM32F4xx_HAL_Driver/Src/stm32f4xx_hal_rcc.c ****   * @{
 101:Drivers/STM32F4xx_HAL_Driver/Src/stm32f4xx_hal_rcc.c ****   */
 102:Drivers/STM32F4xx_HAL_Driver/Src/stm32f4xx_hal_rcc.c **** /**
 103:Drivers/STM32F4xx_HAL_Driver/Src/stm32f4xx_hal_rcc.c ****   * @}
 104:Drivers/STM32F4xx_HAL_Driver/Src/stm32f4xx_hal_rcc.c ****   */
 105:Drivers/STM32F4xx_HAL_Driver/Src/stm32f4xx_hal_rcc.c **** /* Private function prototypes -----------------------------------------------*/
 106:Drivers/STM32F4xx_HAL_Driver/Src/stm32f4xx_hal_rcc.c **** /* Private functions ---------------------------------------------------------*/
 107:Drivers/STM32F4xx_HAL_Driver/Src/stm32f4xx_hal_rcc.c **** 
 108:Drivers/STM32F4xx_HAL_Driver/Src/stm32f4xx_hal_rcc.c **** /** @defgroup RCC_Exported_Functions RCC Exported Functions
 109:Drivers/STM32F4xx_HAL_Driver/Src/stm32f4xx_hal_rcc.c ****   *  @{
 110:Drivers/STM32F4xx_HAL_Driver/Src/stm32f4xx_hal_rcc.c ****   */
 111:Drivers/STM32F4xx_HAL_Driver/Src/stm32f4xx_hal_rcc.c **** 
 112:Drivers/STM32F4xx_HAL_Driver/Src/stm32f4xx_hal_rcc.c **** /** @defgroup RCC_Exported_Functions_Group1 Initialization and de-initialization functions
 113:Drivers/STM32F4xx_HAL_Driver/Src/stm32f4xx_hal_rcc.c ****   *  @brief    Initialization and Configuration functions
 114:Drivers/STM32F4xx_HAL_Driver/Src/stm32f4xx_hal_rcc.c ****   *
 115:Drivers/STM32F4xx_HAL_Driver/Src/stm32f4xx_hal_rcc.c **** @verbatim
 116:Drivers/STM32F4xx_HAL_Driver/Src/stm32f4xx_hal_rcc.c ****  ===============================================================================
 117:Drivers/STM32F4xx_HAL_Driver/Src/stm32f4xx_hal_rcc.c ****            ##### Initialization and de-initialization functions #####
 118:Drivers/STM32F4xx_HAL_Driver/Src/stm32f4xx_hal_rcc.c ****  ===============================================================================
 119:Drivers/STM32F4xx_HAL_Driver/Src/stm32f4xx_hal_rcc.c ****     [..]
 120:Drivers/STM32F4xx_HAL_Driver/Src/stm32f4xx_hal_rcc.c ****       This section provides functions allowing to configure the internal/external oscillators
 121:Drivers/STM32F4xx_HAL_Driver/Src/stm32f4xx_hal_rcc.c ****       (HSE, HSI, LSE, LSI, PLL, CSS and MCO) and the System busses clocks (SYSCLK, AHB, APB1
 122:Drivers/STM32F4xx_HAL_Driver/Src/stm32f4xx_hal_rcc.c ****        and APB2).
 123:Drivers/STM32F4xx_HAL_Driver/Src/stm32f4xx_hal_rcc.c **** 
 124:Drivers/STM32F4xx_HAL_Driver/Src/stm32f4xx_hal_rcc.c ****     [..] Internal/external clock and PLL configuration
 125:Drivers/STM32F4xx_HAL_Driver/Src/stm32f4xx_hal_rcc.c ****          (#) HSI (high-speed internal), 16 MHz factory-trimmed RC used directly or through
 126:Drivers/STM32F4xx_HAL_Driver/Src/stm32f4xx_hal_rcc.c ****              the PLL as System clock source.
 127:Drivers/STM32F4xx_HAL_Driver/Src/stm32f4xx_hal_rcc.c **** 
 128:Drivers/STM32F4xx_HAL_Driver/Src/stm32f4xx_hal_rcc.c ****          (#) LSI (low-speed internal), 32 KHz low consumption RC used as IWDG and/or RTC
 129:Drivers/STM32F4xx_HAL_Driver/Src/stm32f4xx_hal_rcc.c ****              clock source.
 130:Drivers/STM32F4xx_HAL_Driver/Src/stm32f4xx_hal_rcc.c **** 
 131:Drivers/STM32F4xx_HAL_Driver/Src/stm32f4xx_hal_rcc.c ****          (#) HSE (high-speed external), 4 to 26 MHz crystal oscillator used directly or
 132:Drivers/STM32F4xx_HAL_Driver/Src/stm32f4xx_hal_rcc.c ****              through the PLL as System clock source. Can be used also as RTC clock source.
 133:Drivers/STM32F4xx_HAL_Driver/Src/stm32f4xx_hal_rcc.c **** 
 134:Drivers/STM32F4xx_HAL_Driver/Src/stm32f4xx_hal_rcc.c ****          (#) LSE (low-speed external), 32 KHz oscillator used as RTC clock source.
 135:Drivers/STM32F4xx_HAL_Driver/Src/stm32f4xx_hal_rcc.c **** 
 136:Drivers/STM32F4xx_HAL_Driver/Src/stm32f4xx_hal_rcc.c ****          (#) PLL (clocked by HSI or HSE), featuring two different output clocks:
 137:Drivers/STM32F4xx_HAL_Driver/Src/stm32f4xx_hal_rcc.c ****            (++) The first output is used to generate the high speed system clock (up to 168 MHz)
 138:Drivers/STM32F4xx_HAL_Driver/Src/stm32f4xx_hal_rcc.c ****            (++) The second output is used to generate the clock for the USB OTG FS (48 MHz),
 139:Drivers/STM32F4xx_HAL_Driver/Src/stm32f4xx_hal_rcc.c ****                 the random analog generator (<=48 MHz) and the SDIO (<= 48 MHz).
 140:Drivers/STM32F4xx_HAL_Driver/Src/stm32f4xx_hal_rcc.c **** 
 141:Drivers/STM32F4xx_HAL_Driver/Src/stm32f4xx_hal_rcc.c ****          (#) CSS (Clock security system), once enable using the macro __HAL_RCC_CSS_ENABLE()
 142:Drivers/STM32F4xx_HAL_Driver/Src/stm32f4xx_hal_rcc.c ****              and if a HSE clock failure occurs(HSE used directly or through PLL as System
 143:Drivers/STM32F4xx_HAL_Driver/Src/stm32f4xx_hal_rcc.c ****              clock source), the System clocks automatically switched to HSI and an interrupt
 144:Drivers/STM32F4xx_HAL_Driver/Src/stm32f4xx_hal_rcc.c ****              is generated if enabled. The interrupt is linked to the Cortex-M4 NMI
ARM GAS  C:\Users\colle\AppData\Local\Temp\cchQjEtO.s 			page 4


 145:Drivers/STM32F4xx_HAL_Driver/Src/stm32f4xx_hal_rcc.c ****              (Non-Maskable Interrupt) exception vector.
 146:Drivers/STM32F4xx_HAL_Driver/Src/stm32f4xx_hal_rcc.c **** 
 147:Drivers/STM32F4xx_HAL_Driver/Src/stm32f4xx_hal_rcc.c ****          (#) MCO1 (microcontroller clock output), used to output HSI, LSE, HSE or PLL
 148:Drivers/STM32F4xx_HAL_Driver/Src/stm32f4xx_hal_rcc.c ****              clock (through a configurable prescaler) on PA8 pin.
 149:Drivers/STM32F4xx_HAL_Driver/Src/stm32f4xx_hal_rcc.c **** 
 150:Drivers/STM32F4xx_HAL_Driver/Src/stm32f4xx_hal_rcc.c ****          (#) MCO2 (microcontroller clock output), used to output HSE, PLL, SYSCLK or PLLI2S
 151:Drivers/STM32F4xx_HAL_Driver/Src/stm32f4xx_hal_rcc.c ****              clock (through a configurable prescaler) on PC9 pin.
 152:Drivers/STM32F4xx_HAL_Driver/Src/stm32f4xx_hal_rcc.c **** 
 153:Drivers/STM32F4xx_HAL_Driver/Src/stm32f4xx_hal_rcc.c ****     [..] System, AHB and APB busses clocks configuration
 154:Drivers/STM32F4xx_HAL_Driver/Src/stm32f4xx_hal_rcc.c ****          (#) Several clock sources can be used to drive the System clock (SYSCLK): HSI,
 155:Drivers/STM32F4xx_HAL_Driver/Src/stm32f4xx_hal_rcc.c ****              HSE and PLL.
 156:Drivers/STM32F4xx_HAL_Driver/Src/stm32f4xx_hal_rcc.c ****              The AHB clock (HCLK) is derived from System clock through configurable
 157:Drivers/STM32F4xx_HAL_Driver/Src/stm32f4xx_hal_rcc.c ****              prescaler and used to clock the CPU, memory and peripherals mapped
 158:Drivers/STM32F4xx_HAL_Driver/Src/stm32f4xx_hal_rcc.c ****              on AHB bus (DMA, GPIO...). APB1 (PCLK1) and APB2 (PCLK2) clocks are derived
 159:Drivers/STM32F4xx_HAL_Driver/Src/stm32f4xx_hal_rcc.c ****              from AHB clock through configurable prescalers and used to clock
 160:Drivers/STM32F4xx_HAL_Driver/Src/stm32f4xx_hal_rcc.c ****              the peripherals mapped on these busses. You can use
 161:Drivers/STM32F4xx_HAL_Driver/Src/stm32f4xx_hal_rcc.c ****              "HAL_RCC_GetSysClockFreq()" function to retrieve the frequencies of these clocks.
 162:Drivers/STM32F4xx_HAL_Driver/Src/stm32f4xx_hal_rcc.c **** 
 163:Drivers/STM32F4xx_HAL_Driver/Src/stm32f4xx_hal_rcc.c ****          (#) For the STM32F405xx/07xx and STM32F415xx/17xx devices, the maximum
 164:Drivers/STM32F4xx_HAL_Driver/Src/stm32f4xx_hal_rcc.c ****              frequency of the SYSCLK and HCLK is 168 MHz, PCLK2 84 MHz and PCLK1 42 MHz.
 165:Drivers/STM32F4xx_HAL_Driver/Src/stm32f4xx_hal_rcc.c ****              Depending on the device voltage range, the maximum frequency should
 166:Drivers/STM32F4xx_HAL_Driver/Src/stm32f4xx_hal_rcc.c ****              be adapted accordingly (refer to the product datasheets for more details).
 167:Drivers/STM32F4xx_HAL_Driver/Src/stm32f4xx_hal_rcc.c **** 
 168:Drivers/STM32F4xx_HAL_Driver/Src/stm32f4xx_hal_rcc.c ****          (#) For the STM32F42xxx, STM32F43xxx, STM32F446xx, STM32F469xx and STM32F479xx devices,
 169:Drivers/STM32F4xx_HAL_Driver/Src/stm32f4xx_hal_rcc.c ****              the maximum frequency of the SYSCLK and HCLK is 180 MHz, PCLK2 90 MHz and PCLK1 45 MHz
 170:Drivers/STM32F4xx_HAL_Driver/Src/stm32f4xx_hal_rcc.c ****              Depending on the device voltage range, the maximum frequency should
 171:Drivers/STM32F4xx_HAL_Driver/Src/stm32f4xx_hal_rcc.c ****              be adapted accordingly (refer to the product datasheets for more details).
 172:Drivers/STM32F4xx_HAL_Driver/Src/stm32f4xx_hal_rcc.c **** 
 173:Drivers/STM32F4xx_HAL_Driver/Src/stm32f4xx_hal_rcc.c ****          (#) For the STM32F401xx, the maximum frequency of the SYSCLK and HCLK is 84 MHz,
 174:Drivers/STM32F4xx_HAL_Driver/Src/stm32f4xx_hal_rcc.c ****              PCLK2 84 MHz and PCLK1 42 MHz.
 175:Drivers/STM32F4xx_HAL_Driver/Src/stm32f4xx_hal_rcc.c ****              Depending on the device voltage range, the maximum frequency should
 176:Drivers/STM32F4xx_HAL_Driver/Src/stm32f4xx_hal_rcc.c ****              be adapted accordingly (refer to the product datasheets for more details).
 177:Drivers/STM32F4xx_HAL_Driver/Src/stm32f4xx_hal_rcc.c **** 
 178:Drivers/STM32F4xx_HAL_Driver/Src/stm32f4xx_hal_rcc.c ****          (#) For the STM32F41xxx, the maximum frequency of the SYSCLK and HCLK is 100 MHz,
 179:Drivers/STM32F4xx_HAL_Driver/Src/stm32f4xx_hal_rcc.c ****              PCLK2 100 MHz and PCLK1 50 MHz.
 180:Drivers/STM32F4xx_HAL_Driver/Src/stm32f4xx_hal_rcc.c ****              Depending on the device voltage range, the maximum frequency should
 181:Drivers/STM32F4xx_HAL_Driver/Src/stm32f4xx_hal_rcc.c ****              be adapted accordingly (refer to the product datasheets for more details).
 182:Drivers/STM32F4xx_HAL_Driver/Src/stm32f4xx_hal_rcc.c **** 
 183:Drivers/STM32F4xx_HAL_Driver/Src/stm32f4xx_hal_rcc.c **** @endverbatim
 184:Drivers/STM32F4xx_HAL_Driver/Src/stm32f4xx_hal_rcc.c ****   * @{
 185:Drivers/STM32F4xx_HAL_Driver/Src/stm32f4xx_hal_rcc.c ****   */
 186:Drivers/STM32F4xx_HAL_Driver/Src/stm32f4xx_hal_rcc.c **** 
 187:Drivers/STM32F4xx_HAL_Driver/Src/stm32f4xx_hal_rcc.c **** /**
 188:Drivers/STM32F4xx_HAL_Driver/Src/stm32f4xx_hal_rcc.c ****   * @brief  Resets the RCC clock configuration to the default reset state.
 189:Drivers/STM32F4xx_HAL_Driver/Src/stm32f4xx_hal_rcc.c ****   * @note   The default reset state of the clock configuration is given below:
 190:Drivers/STM32F4xx_HAL_Driver/Src/stm32f4xx_hal_rcc.c ****   *            - HSI ON and used as system clock source
 191:Drivers/STM32F4xx_HAL_Driver/Src/stm32f4xx_hal_rcc.c ****   *            - HSE and PLL OFF
 192:Drivers/STM32F4xx_HAL_Driver/Src/stm32f4xx_hal_rcc.c ****   *            - AHB, APB1 and APB2 prescaler set to 1.
 193:Drivers/STM32F4xx_HAL_Driver/Src/stm32f4xx_hal_rcc.c ****   *            - CSS, MCO1 and MCO2 OFF
 194:Drivers/STM32F4xx_HAL_Driver/Src/stm32f4xx_hal_rcc.c ****   *            - All interrupts disabled
 195:Drivers/STM32F4xx_HAL_Driver/Src/stm32f4xx_hal_rcc.c ****   * @note   This function doesn't modify the configuration of the
 196:Drivers/STM32F4xx_HAL_Driver/Src/stm32f4xx_hal_rcc.c ****   *            - Peripheral clocks
 197:Drivers/STM32F4xx_HAL_Driver/Src/stm32f4xx_hal_rcc.c ****   *            - LSI, LSE and RTC clocks
 198:Drivers/STM32F4xx_HAL_Driver/Src/stm32f4xx_hal_rcc.c ****   * @retval HAL status
 199:Drivers/STM32F4xx_HAL_Driver/Src/stm32f4xx_hal_rcc.c ****   */
 200:Drivers/STM32F4xx_HAL_Driver/Src/stm32f4xx_hal_rcc.c **** __weak HAL_StatusTypeDef HAL_RCC_DeInit(void)
 201:Drivers/STM32F4xx_HAL_Driver/Src/stm32f4xx_hal_rcc.c **** {
ARM GAS  C:\Users\colle\AppData\Local\Temp\cchQjEtO.s 			page 5


  29              		.loc 1 201 1 view -0
  30              		.cfi_startproc
  31              		@ args = 0, pretend = 0, frame = 0
  32              		@ frame_needed = 0, uses_anonymous_args = 0
  33              		@ link register save eliminated.
 202:Drivers/STM32F4xx_HAL_Driver/Src/stm32f4xx_hal_rcc.c ****   return HAL_OK;
  34              		.loc 1 202 3 view .LVU1
 203:Drivers/STM32F4xx_HAL_Driver/Src/stm32f4xx_hal_rcc.c **** }
  35              		.loc 1 203 1 is_stmt 0 view .LVU2
  36 0000 0020     		movs	r0, #0
  37 0002 7047     		bx	lr
  38              		.cfi_endproc
  39              	.LFE134:
  41              		.section	.text.HAL_RCC_OscConfig,"ax",%progbits
  42              		.align	1
  43              		.weak	HAL_RCC_OscConfig
  44              		.syntax unified
  45              		.thumb
  46              		.thumb_func
  48              	HAL_RCC_OscConfig:
  49              	.LVL0:
  50              	.LFB135:
 204:Drivers/STM32F4xx_HAL_Driver/Src/stm32f4xx_hal_rcc.c **** 
 205:Drivers/STM32F4xx_HAL_Driver/Src/stm32f4xx_hal_rcc.c **** /**
 206:Drivers/STM32F4xx_HAL_Driver/Src/stm32f4xx_hal_rcc.c ****   * @brief  Initializes the RCC Oscillators according to the specified parameters in the
 207:Drivers/STM32F4xx_HAL_Driver/Src/stm32f4xx_hal_rcc.c ****   *         RCC_OscInitTypeDef.
 208:Drivers/STM32F4xx_HAL_Driver/Src/stm32f4xx_hal_rcc.c ****   * @param  RCC_OscInitStruct pointer to an RCC_OscInitTypeDef structure that
 209:Drivers/STM32F4xx_HAL_Driver/Src/stm32f4xx_hal_rcc.c ****   *         contains the configuration information for the RCC Oscillators.
 210:Drivers/STM32F4xx_HAL_Driver/Src/stm32f4xx_hal_rcc.c ****   * @note   The PLL is not disabled when used as system clock.
 211:Drivers/STM32F4xx_HAL_Driver/Src/stm32f4xx_hal_rcc.c ****   * @note   Transitions LSE Bypass to LSE On and LSE On to LSE Bypass are not
 212:Drivers/STM32F4xx_HAL_Driver/Src/stm32f4xx_hal_rcc.c ****   *         supported by this API. User should request a transition to LSE Off
 213:Drivers/STM32F4xx_HAL_Driver/Src/stm32f4xx_hal_rcc.c ****   *         first and then LSE On or LSE Bypass.
 214:Drivers/STM32F4xx_HAL_Driver/Src/stm32f4xx_hal_rcc.c ****   * @note   Transition HSE Bypass to HSE On and HSE On to HSE Bypass are not
 215:Drivers/STM32F4xx_HAL_Driver/Src/stm32f4xx_hal_rcc.c ****   *         supported by this API. User should request a transition to HSE Off
 216:Drivers/STM32F4xx_HAL_Driver/Src/stm32f4xx_hal_rcc.c ****   *         first and then HSE On or HSE Bypass.
 217:Drivers/STM32F4xx_HAL_Driver/Src/stm32f4xx_hal_rcc.c ****   * @retval HAL status
 218:Drivers/STM32F4xx_HAL_Driver/Src/stm32f4xx_hal_rcc.c ****   */
 219:Drivers/STM32F4xx_HAL_Driver/Src/stm32f4xx_hal_rcc.c **** __weak HAL_StatusTypeDef HAL_RCC_OscConfig(const RCC_OscInitTypeDef  *RCC_OscInitStruct)
 220:Drivers/STM32F4xx_HAL_Driver/Src/stm32f4xx_hal_rcc.c **** {
  51              		.loc 1 220 1 is_stmt 1 view -0
  52              		.cfi_startproc
  53              		@ args = 0, pretend = 0, frame = 8
  54              		@ frame_needed = 0, uses_anonymous_args = 0
 221:Drivers/STM32F4xx_HAL_Driver/Src/stm32f4xx_hal_rcc.c ****   uint32_t tickstart;
  55              		.loc 1 221 3 view .LVU4
 222:Drivers/STM32F4xx_HAL_Driver/Src/stm32f4xx_hal_rcc.c ****   uint32_t pll_config;
  56              		.loc 1 222 3 view .LVU5
 223:Drivers/STM32F4xx_HAL_Driver/Src/stm32f4xx_hal_rcc.c ****   /* Check Null pointer */
 224:Drivers/STM32F4xx_HAL_Driver/Src/stm32f4xx_hal_rcc.c ****   if (RCC_OscInitStruct == NULL)
  57              		.loc 1 224 3 view .LVU6
  58              		.loc 1 224 6 is_stmt 0 view .LVU7
  59 0000 0028     		cmp	r0, #0
  60 0002 00F0E281 		beq	.L52
 220:Drivers/STM32F4xx_HAL_Driver/Src/stm32f4xx_hal_rcc.c ****   uint32_t tickstart;
  61              		.loc 1 220 1 view .LVU8
  62 0006 70B5     		push	{r4, r5, r6, lr}
  63              		.cfi_def_cfa_offset 16
ARM GAS  C:\Users\colle\AppData\Local\Temp\cchQjEtO.s 			page 6


  64              		.cfi_offset 4, -16
  65              		.cfi_offset 5, -12
  66              		.cfi_offset 6, -8
  67              		.cfi_offset 14, -4
  68 0008 82B0     		sub	sp, sp, #8
  69              		.cfi_def_cfa_offset 24
  70 000a 0446     		mov	r4, r0
 225:Drivers/STM32F4xx_HAL_Driver/Src/stm32f4xx_hal_rcc.c ****   {
 226:Drivers/STM32F4xx_HAL_Driver/Src/stm32f4xx_hal_rcc.c ****     return HAL_ERROR;
 227:Drivers/STM32F4xx_HAL_Driver/Src/stm32f4xx_hal_rcc.c ****   }
 228:Drivers/STM32F4xx_HAL_Driver/Src/stm32f4xx_hal_rcc.c **** 
 229:Drivers/STM32F4xx_HAL_Driver/Src/stm32f4xx_hal_rcc.c ****   /* Check the parameters */
 230:Drivers/STM32F4xx_HAL_Driver/Src/stm32f4xx_hal_rcc.c ****   assert_param(IS_RCC_OSCILLATORTYPE(RCC_OscInitStruct->OscillatorType));
  71              		.loc 1 230 3 is_stmt 1 view .LVU9
 231:Drivers/STM32F4xx_HAL_Driver/Src/stm32f4xx_hal_rcc.c ****   /*------------------------------- HSE Configuration ------------------------*/
 232:Drivers/STM32F4xx_HAL_Driver/Src/stm32f4xx_hal_rcc.c ****   if (((RCC_OscInitStruct->OscillatorType) & RCC_OSCILLATORTYPE_HSE) == RCC_OSCILLATORTYPE_HSE)
  72              		.loc 1 232 3 view .LVU10
  73              		.loc 1 232 26 is_stmt 0 view .LVU11
  74 000c 0368     		ldr	r3, [r0]
  75              		.loc 1 232 6 view .LVU12
  76 000e 13F0010F 		tst	r3, #1
  77 0012 3BD0     		beq	.L4
 233:Drivers/STM32F4xx_HAL_Driver/Src/stm32f4xx_hal_rcc.c ****   {
 234:Drivers/STM32F4xx_HAL_Driver/Src/stm32f4xx_hal_rcc.c ****     /* Check the parameters */
 235:Drivers/STM32F4xx_HAL_Driver/Src/stm32f4xx_hal_rcc.c ****     assert_param(IS_RCC_HSE(RCC_OscInitStruct->HSEState));
  78              		.loc 1 235 5 is_stmt 1 view .LVU13
 236:Drivers/STM32F4xx_HAL_Driver/Src/stm32f4xx_hal_rcc.c ****     /* When the HSE is used as system clock or clock source for PLL in these cases HSE will not dis
 237:Drivers/STM32F4xx_HAL_Driver/Src/stm32f4xx_hal_rcc.c ****     if ((__HAL_RCC_GET_SYSCLK_SOURCE() == RCC_CFGR_SWS_HSE) || \
  79              		.loc 1 237 5 view .LVU14
  80              		.loc 1 237 10 is_stmt 0 view .LVU15
  81 0014 9B4B     		ldr	r3, .L93
  82 0016 9B68     		ldr	r3, [r3, #8]
  83 0018 03F00C03 		and	r3, r3, #12
  84              		.loc 1 237 8 view .LVU16
  85 001c 042B     		cmp	r3, #4
  86 001e 2CD0     		beq	.L5
 238:Drivers/STM32F4xx_HAL_Driver/Src/stm32f4xx_hal_rcc.c ****         ((__HAL_RCC_GET_SYSCLK_SOURCE() == RCC_CFGR_SWS_PLL) && ((RCC->PLLCFGR & RCC_PLLCFGR_PLLSRC
  87              		.loc 1 238 11 view .LVU17
  88 0020 984B     		ldr	r3, .L93
  89 0022 9B68     		ldr	r3, [r3, #8]
  90 0024 03F00C03 		and	r3, r3, #12
 237:Drivers/STM32F4xx_HAL_Driver/Src/stm32f4xx_hal_rcc.c ****         ((__HAL_RCC_GET_SYSCLK_SOURCE() == RCC_CFGR_SWS_PLL) && ((RCC->PLLCFGR & RCC_PLLCFGR_PLLSRC
  91              		.loc 1 237 61 discriminator 1 view .LVU18
  92 0028 082B     		cmp	r3, #8
  93 002a 21D0     		beq	.L79
  94              	.L6:
 239:Drivers/STM32F4xx_HAL_Driver/Src/stm32f4xx_hal_rcc.c ****     {
 240:Drivers/STM32F4xx_HAL_Driver/Src/stm32f4xx_hal_rcc.c ****       if ((__HAL_RCC_GET_FLAG(RCC_FLAG_HSERDY) != RESET) && (RCC_OscInitStruct->HSEState == RCC_HSE
 241:Drivers/STM32F4xx_HAL_Driver/Src/stm32f4xx_hal_rcc.c ****       {
 242:Drivers/STM32F4xx_HAL_Driver/Src/stm32f4xx_hal_rcc.c ****         return HAL_ERROR;
 243:Drivers/STM32F4xx_HAL_Driver/Src/stm32f4xx_hal_rcc.c ****       }
 244:Drivers/STM32F4xx_HAL_Driver/Src/stm32f4xx_hal_rcc.c ****     }
 245:Drivers/STM32F4xx_HAL_Driver/Src/stm32f4xx_hal_rcc.c ****     else
 246:Drivers/STM32F4xx_HAL_Driver/Src/stm32f4xx_hal_rcc.c ****     {
 247:Drivers/STM32F4xx_HAL_Driver/Src/stm32f4xx_hal_rcc.c ****       /* Set the new HSE configuration ---------------------------------------*/
 248:Drivers/STM32F4xx_HAL_Driver/Src/stm32f4xx_hal_rcc.c ****       __HAL_RCC_HSE_CONFIG(RCC_OscInitStruct->HSEState);
  95              		.loc 1 248 7 is_stmt 1 view .LVU19
ARM GAS  C:\Users\colle\AppData\Local\Temp\cchQjEtO.s 			page 7


  96              		.loc 1 248 7 view .LVU20
  97 002c 6368     		ldr	r3, [r4, #4]
  98 002e B3F5803F 		cmp	r3, #65536
  99 0032 4FD0     		beq	.L80
 100              		.loc 1 248 7 discriminator 2 view .LVU21
 101 0034 B3F5A02F 		cmp	r3, #327680
 102 0038 52D0     		beq	.L81
 103              		.loc 1 248 7 discriminator 4 view .LVU22
 104 003a 924B     		ldr	r3, .L93
 105 003c 1A68     		ldr	r2, [r3]
 106 003e 22F48032 		bic	r2, r2, #65536
 107 0042 1A60     		str	r2, [r3]
 108              		.loc 1 248 7 view .LVU23
 109              		.loc 1 248 7 is_stmt 0 discriminator 4 view .LVU24
 110 0044 1A68     		ldr	r2, [r3]
 111 0046 22F48022 		bic	r2, r2, #262144
 112 004a 1A60     		str	r2, [r3]
 113              	.L8:
 114              		.loc 1 248 7 is_stmt 1 view .LVU25
 249:Drivers/STM32F4xx_HAL_Driver/Src/stm32f4xx_hal_rcc.c **** 
 250:Drivers/STM32F4xx_HAL_Driver/Src/stm32f4xx_hal_rcc.c ****       /* Check the HSE State */
 251:Drivers/STM32F4xx_HAL_Driver/Src/stm32f4xx_hal_rcc.c ****       if ((RCC_OscInitStruct->HSEState) != RCC_HSE_OFF)
 115              		.loc 1 251 7 view .LVU26
 116              		.loc 1 251 29 is_stmt 0 view .LVU27
 117 004c 6368     		ldr	r3, [r4, #4]
 118              		.loc 1 251 10 view .LVU28
 119 004e 002B     		cmp	r3, #0
 120 0050 50D0     		beq	.L10
 252:Drivers/STM32F4xx_HAL_Driver/Src/stm32f4xx_hal_rcc.c ****       {
 253:Drivers/STM32F4xx_HAL_Driver/Src/stm32f4xx_hal_rcc.c ****         /* Get Start Tick */
 254:Drivers/STM32F4xx_HAL_Driver/Src/stm32f4xx_hal_rcc.c ****         tickstart = HAL_GetTick();
 121              		.loc 1 254 9 is_stmt 1 view .LVU29
 122              		.loc 1 254 21 is_stmt 0 view .LVU30
 123 0052 FFF7FEFF 		bl	HAL_GetTick
 124              	.LVL1:
 125              		.loc 1 254 21 view .LVU31
 126 0056 0546     		mov	r5, r0
 127              	.LVL2:
 255:Drivers/STM32F4xx_HAL_Driver/Src/stm32f4xx_hal_rcc.c **** 
 256:Drivers/STM32F4xx_HAL_Driver/Src/stm32f4xx_hal_rcc.c ****         /* Wait till HSE is ready */
 257:Drivers/STM32F4xx_HAL_Driver/Src/stm32f4xx_hal_rcc.c ****         while (__HAL_RCC_GET_FLAG(RCC_FLAG_HSERDY) == RESET)
 128              		.loc 1 257 9 is_stmt 1 view .LVU32
 129              	.L11:
 130              		.loc 1 257 52 view .LVU33
 131              		.loc 1 257 16 is_stmt 0 view .LVU34
 132 0058 8A4B     		ldr	r3, .L93
 133 005a 1B68     		ldr	r3, [r3]
 134              		.loc 1 257 52 view .LVU35
 135 005c 13F4003F 		tst	r3, #131072
 136 0060 14D1     		bne	.L4
 258:Drivers/STM32F4xx_HAL_Driver/Src/stm32f4xx_hal_rcc.c ****         {
 259:Drivers/STM32F4xx_HAL_Driver/Src/stm32f4xx_hal_rcc.c ****           if ((HAL_GetTick() - tickstart) > HSE_TIMEOUT_VALUE)
 137              		.loc 1 259 11 is_stmt 1 view .LVU36
 138              		.loc 1 259 16 is_stmt 0 view .LVU37
 139 0062 FFF7FEFF 		bl	HAL_GetTick
 140              	.LVL3:
 141              		.loc 1 259 30 discriminator 1 view .LVU38
ARM GAS  C:\Users\colle\AppData\Local\Temp\cchQjEtO.s 			page 8


 142 0066 401B     		subs	r0, r0, r5
 143              		.loc 1 259 14 discriminator 1 view .LVU39
 144 0068 6428     		cmp	r0, #100
 145 006a F5D9     		bls	.L11
 260:Drivers/STM32F4xx_HAL_Driver/Src/stm32f4xx_hal_rcc.c ****           {
 261:Drivers/STM32F4xx_HAL_Driver/Src/stm32f4xx_hal_rcc.c ****             return HAL_TIMEOUT;
 146              		.loc 1 261 20 view .LVU40
 147 006c 0320     		movs	r0, #3
 148 006e B3E1     		b	.L3
 149              	.LVL4:
 150              	.L79:
 238:Drivers/STM32F4xx_HAL_Driver/Src/stm32f4xx_hal_rcc.c ****     {
 151              		.loc 1 238 70 view .LVU41
 152 0070 844B     		ldr	r3, .L93
 153 0072 5B68     		ldr	r3, [r3, #4]
 238:Drivers/STM32F4xx_HAL_Driver/Src/stm32f4xx_hal_rcc.c ****     {
 154              		.loc 1 238 62 view .LVU42
 155 0074 13F4800F 		tst	r3, #4194304
 156 0078 D8D0     		beq	.L6
 157              	.L5:
 240:Drivers/STM32F4xx_HAL_Driver/Src/stm32f4xx_hal_rcc.c ****       {
 158              		.loc 1 240 7 is_stmt 1 view .LVU43
 240:Drivers/STM32F4xx_HAL_Driver/Src/stm32f4xx_hal_rcc.c ****       {
 159              		.loc 1 240 12 is_stmt 0 view .LVU44
 160 007a 824B     		ldr	r3, .L93
 161 007c 1B68     		ldr	r3, [r3]
 240:Drivers/STM32F4xx_HAL_Driver/Src/stm32f4xx_hal_rcc.c ****       {
 162              		.loc 1 240 10 view .LVU45
 163 007e 13F4003F 		tst	r3, #131072
 164 0082 03D0     		beq	.L4
 240:Drivers/STM32F4xx_HAL_Driver/Src/stm32f4xx_hal_rcc.c ****       {
 165              		.loc 1 240 79 discriminator 1 view .LVU46
 166 0084 6368     		ldr	r3, [r4, #4]
 240:Drivers/STM32F4xx_HAL_Driver/Src/stm32f4xx_hal_rcc.c ****       {
 167              		.loc 1 240 58 discriminator 1 view .LVU47
 168 0086 002B     		cmp	r3, #0
 169 0088 00F0A181 		beq	.L82
 170              	.LVL5:
 171              	.L4:
 262:Drivers/STM32F4xx_HAL_Driver/Src/stm32f4xx_hal_rcc.c ****           }
 263:Drivers/STM32F4xx_HAL_Driver/Src/stm32f4xx_hal_rcc.c ****         }
 264:Drivers/STM32F4xx_HAL_Driver/Src/stm32f4xx_hal_rcc.c ****       }
 265:Drivers/STM32F4xx_HAL_Driver/Src/stm32f4xx_hal_rcc.c ****       else
 266:Drivers/STM32F4xx_HAL_Driver/Src/stm32f4xx_hal_rcc.c ****       {
 267:Drivers/STM32F4xx_HAL_Driver/Src/stm32f4xx_hal_rcc.c ****         /* Get Start Tick */
 268:Drivers/STM32F4xx_HAL_Driver/Src/stm32f4xx_hal_rcc.c ****         tickstart = HAL_GetTick();
 269:Drivers/STM32F4xx_HAL_Driver/Src/stm32f4xx_hal_rcc.c **** 
 270:Drivers/STM32F4xx_HAL_Driver/Src/stm32f4xx_hal_rcc.c ****         /* Wait till HSE is bypassed or disabled */
 271:Drivers/STM32F4xx_HAL_Driver/Src/stm32f4xx_hal_rcc.c ****         while (__HAL_RCC_GET_FLAG(RCC_FLAG_HSERDY) != RESET)
 272:Drivers/STM32F4xx_HAL_Driver/Src/stm32f4xx_hal_rcc.c ****         {
 273:Drivers/STM32F4xx_HAL_Driver/Src/stm32f4xx_hal_rcc.c ****           if ((HAL_GetTick() - tickstart) > HSE_TIMEOUT_VALUE)
 274:Drivers/STM32F4xx_HAL_Driver/Src/stm32f4xx_hal_rcc.c ****           {
 275:Drivers/STM32F4xx_HAL_Driver/Src/stm32f4xx_hal_rcc.c ****             return HAL_TIMEOUT;
 276:Drivers/STM32F4xx_HAL_Driver/Src/stm32f4xx_hal_rcc.c ****           }
 277:Drivers/STM32F4xx_HAL_Driver/Src/stm32f4xx_hal_rcc.c ****         }
 278:Drivers/STM32F4xx_HAL_Driver/Src/stm32f4xx_hal_rcc.c ****       }
 279:Drivers/STM32F4xx_HAL_Driver/Src/stm32f4xx_hal_rcc.c ****     }
ARM GAS  C:\Users\colle\AppData\Local\Temp\cchQjEtO.s 			page 9


 280:Drivers/STM32F4xx_HAL_Driver/Src/stm32f4xx_hal_rcc.c ****   }
 281:Drivers/STM32F4xx_HAL_Driver/Src/stm32f4xx_hal_rcc.c ****   /*----------------------------- HSI Configuration --------------------------*/
 282:Drivers/STM32F4xx_HAL_Driver/Src/stm32f4xx_hal_rcc.c ****   if (((RCC_OscInitStruct->OscillatorType) & RCC_OSCILLATORTYPE_HSI) == RCC_OSCILLATORTYPE_HSI)
 172              		.loc 1 282 3 is_stmt 1 view .LVU48
 173              		.loc 1 282 26 is_stmt 0 view .LVU49
 174 008c 2368     		ldr	r3, [r4]
 175              		.loc 1 282 6 view .LVU50
 176 008e 13F0020F 		tst	r3, #2
 177 0092 54D0     		beq	.L15
 283:Drivers/STM32F4xx_HAL_Driver/Src/stm32f4xx_hal_rcc.c ****   {
 284:Drivers/STM32F4xx_HAL_Driver/Src/stm32f4xx_hal_rcc.c ****     /* Check the parameters */
 285:Drivers/STM32F4xx_HAL_Driver/Src/stm32f4xx_hal_rcc.c ****     assert_param(IS_RCC_HSI(RCC_OscInitStruct->HSIState));
 178              		.loc 1 285 5 is_stmt 1 view .LVU51
 286:Drivers/STM32F4xx_HAL_Driver/Src/stm32f4xx_hal_rcc.c ****     assert_param(IS_RCC_CALIBRATION_VALUE(RCC_OscInitStruct->HSICalibrationValue));
 179              		.loc 1 286 5 view .LVU52
 287:Drivers/STM32F4xx_HAL_Driver/Src/stm32f4xx_hal_rcc.c **** 
 288:Drivers/STM32F4xx_HAL_Driver/Src/stm32f4xx_hal_rcc.c ****     /* Check if HSI is used as system clock or as PLL source when PLL is selected as system clock *
 289:Drivers/STM32F4xx_HAL_Driver/Src/stm32f4xx_hal_rcc.c ****     if ((__HAL_RCC_GET_SYSCLK_SOURCE() == RCC_CFGR_SWS_HSI) || \
 180              		.loc 1 289 5 view .LVU53
 181              		.loc 1 289 10 is_stmt 0 view .LVU54
 182 0094 7B4B     		ldr	r3, .L93
 183 0096 9B68     		ldr	r3, [r3, #8]
 184              		.loc 1 289 8 view .LVU55
 185 0098 13F00C0F 		tst	r3, #12
 186 009c 3ED0     		beq	.L16
 290:Drivers/STM32F4xx_HAL_Driver/Src/stm32f4xx_hal_rcc.c ****         ((__HAL_RCC_GET_SYSCLK_SOURCE() == RCC_CFGR_SWS_PLL) && ((RCC->PLLCFGR & RCC_PLLCFGR_PLLSRC
 187              		.loc 1 290 11 view .LVU56
 188 009e 794B     		ldr	r3, .L93
 189 00a0 9B68     		ldr	r3, [r3, #8]
 190 00a2 03F00C03 		and	r3, r3, #12
 289:Drivers/STM32F4xx_HAL_Driver/Src/stm32f4xx_hal_rcc.c ****         ((__HAL_RCC_GET_SYSCLK_SOURCE() == RCC_CFGR_SWS_PLL) && ((RCC->PLLCFGR & RCC_PLLCFGR_PLLSRC
 191              		.loc 1 289 61 discriminator 1 view .LVU57
 192 00a6 082B     		cmp	r3, #8
 193 00a8 33D0     		beq	.L83
 194              	.L17:
 291:Drivers/STM32F4xx_HAL_Driver/Src/stm32f4xx_hal_rcc.c ****     {
 292:Drivers/STM32F4xx_HAL_Driver/Src/stm32f4xx_hal_rcc.c ****       /* When HSI is used as system clock it will not disabled */
 293:Drivers/STM32F4xx_HAL_Driver/Src/stm32f4xx_hal_rcc.c ****       if ((__HAL_RCC_GET_FLAG(RCC_FLAG_HSIRDY) != RESET) && (RCC_OscInitStruct->HSIState != RCC_HSI
 294:Drivers/STM32F4xx_HAL_Driver/Src/stm32f4xx_hal_rcc.c ****       {
 295:Drivers/STM32F4xx_HAL_Driver/Src/stm32f4xx_hal_rcc.c ****         return HAL_ERROR;
 296:Drivers/STM32F4xx_HAL_Driver/Src/stm32f4xx_hal_rcc.c ****       }
 297:Drivers/STM32F4xx_HAL_Driver/Src/stm32f4xx_hal_rcc.c ****       /* Otherwise, just the calibration is allowed */
 298:Drivers/STM32F4xx_HAL_Driver/Src/stm32f4xx_hal_rcc.c ****       else
 299:Drivers/STM32F4xx_HAL_Driver/Src/stm32f4xx_hal_rcc.c ****       {
 300:Drivers/STM32F4xx_HAL_Driver/Src/stm32f4xx_hal_rcc.c ****         /* Adjusts the Internal High Speed oscillator (HSI) calibration value.*/
 301:Drivers/STM32F4xx_HAL_Driver/Src/stm32f4xx_hal_rcc.c ****         __HAL_RCC_HSI_CALIBRATIONVALUE_ADJUST(RCC_OscInitStruct->HSICalibrationValue);
 302:Drivers/STM32F4xx_HAL_Driver/Src/stm32f4xx_hal_rcc.c ****       }
 303:Drivers/STM32F4xx_HAL_Driver/Src/stm32f4xx_hal_rcc.c ****     }
 304:Drivers/STM32F4xx_HAL_Driver/Src/stm32f4xx_hal_rcc.c ****     else
 305:Drivers/STM32F4xx_HAL_Driver/Src/stm32f4xx_hal_rcc.c ****     {
 306:Drivers/STM32F4xx_HAL_Driver/Src/stm32f4xx_hal_rcc.c ****       /* Check the HSI State */
 307:Drivers/STM32F4xx_HAL_Driver/Src/stm32f4xx_hal_rcc.c ****       if ((RCC_OscInitStruct->HSIState) != RCC_HSI_OFF)
 195              		.loc 1 307 7 is_stmt 1 view .LVU58
 196              		.loc 1 307 29 is_stmt 0 view .LVU59
 197 00aa E368     		ldr	r3, [r4, #12]
 198              		.loc 1 307 10 view .LVU60
 199 00ac 002B     		cmp	r3, #0
ARM GAS  C:\Users\colle\AppData\Local\Temp\cchQjEtO.s 			page 10


 200 00ae 68D0     		beq	.L19
 308:Drivers/STM32F4xx_HAL_Driver/Src/stm32f4xx_hal_rcc.c ****       {
 309:Drivers/STM32F4xx_HAL_Driver/Src/stm32f4xx_hal_rcc.c ****         /* Enable the Internal High Speed oscillator (HSI). */
 310:Drivers/STM32F4xx_HAL_Driver/Src/stm32f4xx_hal_rcc.c ****         __HAL_RCC_HSI_ENABLE();
 201              		.loc 1 310 9 is_stmt 1 view .LVU61
 202 00b0 754B     		ldr	r3, .L93+4
 203 00b2 0122     		movs	r2, #1
 204 00b4 1A60     		str	r2, [r3]
 311:Drivers/STM32F4xx_HAL_Driver/Src/stm32f4xx_hal_rcc.c **** 
 312:Drivers/STM32F4xx_HAL_Driver/Src/stm32f4xx_hal_rcc.c ****         /* Get Start Tick*/
 313:Drivers/STM32F4xx_HAL_Driver/Src/stm32f4xx_hal_rcc.c ****         tickstart = HAL_GetTick();
 205              		.loc 1 313 9 view .LVU62
 206              		.loc 1 313 21 is_stmt 0 view .LVU63
 207 00b6 FFF7FEFF 		bl	HAL_GetTick
 208              	.LVL6:
 209 00ba 0546     		mov	r5, r0
 210              	.LVL7:
 314:Drivers/STM32F4xx_HAL_Driver/Src/stm32f4xx_hal_rcc.c **** 
 315:Drivers/STM32F4xx_HAL_Driver/Src/stm32f4xx_hal_rcc.c ****         /* Wait till HSI is ready */
 316:Drivers/STM32F4xx_HAL_Driver/Src/stm32f4xx_hal_rcc.c ****         while (__HAL_RCC_GET_FLAG(RCC_FLAG_HSIRDY) == RESET)
 211              		.loc 1 316 9 is_stmt 1 view .LVU64
 212              	.L20:
 213              		.loc 1 316 52 view .LVU65
 214              		.loc 1 316 16 is_stmt 0 view .LVU66
 215 00bc 714B     		ldr	r3, .L93
 216 00be 1B68     		ldr	r3, [r3]
 217              		.loc 1 316 52 view .LVU67
 218 00c0 13F0020F 		tst	r3, #2
 219 00c4 54D1     		bne	.L84
 317:Drivers/STM32F4xx_HAL_Driver/Src/stm32f4xx_hal_rcc.c ****         {
 318:Drivers/STM32F4xx_HAL_Driver/Src/stm32f4xx_hal_rcc.c ****           if ((HAL_GetTick() - tickstart) > HSI_TIMEOUT_VALUE)
 220              		.loc 1 318 11 is_stmt 1 view .LVU68
 221              		.loc 1 318 16 is_stmt 0 view .LVU69
 222 00c6 FFF7FEFF 		bl	HAL_GetTick
 223              	.LVL8:
 224              		.loc 1 318 30 discriminator 1 view .LVU70
 225 00ca 401B     		subs	r0, r0, r5
 226              		.loc 1 318 14 discriminator 1 view .LVU71
 227 00cc 0228     		cmp	r0, #2
 228 00ce F5D9     		bls	.L20
 319:Drivers/STM32F4xx_HAL_Driver/Src/stm32f4xx_hal_rcc.c ****           {
 320:Drivers/STM32F4xx_HAL_Driver/Src/stm32f4xx_hal_rcc.c ****             return HAL_TIMEOUT;
 229              		.loc 1 320 20 view .LVU72
 230 00d0 0320     		movs	r0, #3
 231 00d2 81E1     		b	.L3
 232              	.LVL9:
 233              	.L80:
 248:Drivers/STM32F4xx_HAL_Driver/Src/stm32f4xx_hal_rcc.c **** 
 234              		.loc 1 248 7 is_stmt 1 discriminator 1 view .LVU73
 235 00d4 6B4A     		ldr	r2, .L93
 236 00d6 1368     		ldr	r3, [r2]
 237 00d8 43F48033 		orr	r3, r3, #65536
 238 00dc 1360     		str	r3, [r2]
 239 00de B5E7     		b	.L8
 240              	.L81:
 248:Drivers/STM32F4xx_HAL_Driver/Src/stm32f4xx_hal_rcc.c **** 
 241              		.loc 1 248 7 discriminator 3 view .LVU74
ARM GAS  C:\Users\colle\AppData\Local\Temp\cchQjEtO.s 			page 11


 242 00e0 684B     		ldr	r3, .L93
 243 00e2 1A68     		ldr	r2, [r3]
 244 00e4 42F48022 		orr	r2, r2, #262144
 245 00e8 1A60     		str	r2, [r3]
 248:Drivers/STM32F4xx_HAL_Driver/Src/stm32f4xx_hal_rcc.c **** 
 246              		.loc 1 248 7 view .LVU75
 248:Drivers/STM32F4xx_HAL_Driver/Src/stm32f4xx_hal_rcc.c **** 
 247              		.loc 1 248 7 is_stmt 0 discriminator 3 view .LVU76
 248 00ea 1A68     		ldr	r2, [r3]
 249 00ec 42F48032 		orr	r2, r2, #65536
 250 00f0 1A60     		str	r2, [r3]
 251 00f2 ABE7     		b	.L8
 252              	.L10:
 268:Drivers/STM32F4xx_HAL_Driver/Src/stm32f4xx_hal_rcc.c **** 
 253              		.loc 1 268 9 is_stmt 1 view .LVU77
 268:Drivers/STM32F4xx_HAL_Driver/Src/stm32f4xx_hal_rcc.c **** 
 254              		.loc 1 268 21 is_stmt 0 view .LVU78
 255 00f4 FFF7FEFF 		bl	HAL_GetTick
 256              	.LVL10:
 268:Drivers/STM32F4xx_HAL_Driver/Src/stm32f4xx_hal_rcc.c **** 
 257              		.loc 1 268 21 view .LVU79
 258 00f8 0546     		mov	r5, r0
 259              	.LVL11:
 271:Drivers/STM32F4xx_HAL_Driver/Src/stm32f4xx_hal_rcc.c ****         {
 260              		.loc 1 271 9 is_stmt 1 view .LVU80
 261              	.L13:
 271:Drivers/STM32F4xx_HAL_Driver/Src/stm32f4xx_hal_rcc.c ****         {
 262              		.loc 1 271 52 view .LVU81
 271:Drivers/STM32F4xx_HAL_Driver/Src/stm32f4xx_hal_rcc.c ****         {
 263              		.loc 1 271 16 is_stmt 0 view .LVU82
 264 00fa 624B     		ldr	r3, .L93
 265 00fc 1B68     		ldr	r3, [r3]
 271:Drivers/STM32F4xx_HAL_Driver/Src/stm32f4xx_hal_rcc.c ****         {
 266              		.loc 1 271 52 view .LVU83
 267 00fe 13F4003F 		tst	r3, #131072
 268 0102 C3D0     		beq	.L4
 273:Drivers/STM32F4xx_HAL_Driver/Src/stm32f4xx_hal_rcc.c ****           {
 269              		.loc 1 273 11 is_stmt 1 view .LVU84
 273:Drivers/STM32F4xx_HAL_Driver/Src/stm32f4xx_hal_rcc.c ****           {
 270              		.loc 1 273 16 is_stmt 0 view .LVU85
 271 0104 FFF7FEFF 		bl	HAL_GetTick
 272              	.LVL12:
 273:Drivers/STM32F4xx_HAL_Driver/Src/stm32f4xx_hal_rcc.c ****           {
 273              		.loc 1 273 30 discriminator 1 view .LVU86
 274 0108 401B     		subs	r0, r0, r5
 273:Drivers/STM32F4xx_HAL_Driver/Src/stm32f4xx_hal_rcc.c ****           {
 275              		.loc 1 273 14 discriminator 1 view .LVU87
 276 010a 6428     		cmp	r0, #100
 277 010c F5D9     		bls	.L13
 275:Drivers/STM32F4xx_HAL_Driver/Src/stm32f4xx_hal_rcc.c ****           }
 278              		.loc 1 275 20 view .LVU88
 279 010e 0320     		movs	r0, #3
 280 0110 62E1     		b	.L3
 281              	.LVL13:
 282              	.L83:
 290:Drivers/STM32F4xx_HAL_Driver/Src/stm32f4xx_hal_rcc.c ****     {
 283              		.loc 1 290 70 view .LVU89
ARM GAS  C:\Users\colle\AppData\Local\Temp\cchQjEtO.s 			page 12


 284 0112 5C4B     		ldr	r3, .L93
 285 0114 5B68     		ldr	r3, [r3, #4]
 290:Drivers/STM32F4xx_HAL_Driver/Src/stm32f4xx_hal_rcc.c ****     {
 286              		.loc 1 290 62 view .LVU90
 287 0116 13F4800F 		tst	r3, #4194304
 288 011a C6D1     		bne	.L17
 289              	.L16:
 293:Drivers/STM32F4xx_HAL_Driver/Src/stm32f4xx_hal_rcc.c ****       {
 290              		.loc 1 293 7 is_stmt 1 view .LVU91
 293:Drivers/STM32F4xx_HAL_Driver/Src/stm32f4xx_hal_rcc.c ****       {
 291              		.loc 1 293 12 is_stmt 0 view .LVU92
 292 011c 594B     		ldr	r3, .L93
 293 011e 1B68     		ldr	r3, [r3]
 293:Drivers/STM32F4xx_HAL_Driver/Src/stm32f4xx_hal_rcc.c ****       {
 294              		.loc 1 293 10 view .LVU93
 295 0120 13F0020F 		tst	r3, #2
 296 0124 03D0     		beq	.L18
 293:Drivers/STM32F4xx_HAL_Driver/Src/stm32f4xx_hal_rcc.c ****       {
 297              		.loc 1 293 79 discriminator 1 view .LVU94
 298 0126 E368     		ldr	r3, [r4, #12]
 293:Drivers/STM32F4xx_HAL_Driver/Src/stm32f4xx_hal_rcc.c ****       {
 299              		.loc 1 293 58 discriminator 1 view .LVU95
 300 0128 012B     		cmp	r3, #1
 301 012a 40F05281 		bne	.L56
 302              	.L18:
 301:Drivers/STM32F4xx_HAL_Driver/Src/stm32f4xx_hal_rcc.c ****       }
 303              		.loc 1 301 9 is_stmt 1 view .LVU96
 304 012e 554A     		ldr	r2, .L93
 305 0130 1368     		ldr	r3, [r2]
 306 0132 23F0F803 		bic	r3, r3, #248
 307 0136 2169     		ldr	r1, [r4, #16]
 308 0138 43EAC103 		orr	r3, r3, r1, lsl #3
 309 013c 1360     		str	r3, [r2]
 310              	.L15:
 321:Drivers/STM32F4xx_HAL_Driver/Src/stm32f4xx_hal_rcc.c ****           }
 322:Drivers/STM32F4xx_HAL_Driver/Src/stm32f4xx_hal_rcc.c ****         }
 323:Drivers/STM32F4xx_HAL_Driver/Src/stm32f4xx_hal_rcc.c **** 
 324:Drivers/STM32F4xx_HAL_Driver/Src/stm32f4xx_hal_rcc.c ****         /* Adjusts the Internal High Speed oscillator (HSI) calibration value. */
 325:Drivers/STM32F4xx_HAL_Driver/Src/stm32f4xx_hal_rcc.c ****         __HAL_RCC_HSI_CALIBRATIONVALUE_ADJUST(RCC_OscInitStruct->HSICalibrationValue);
 326:Drivers/STM32F4xx_HAL_Driver/Src/stm32f4xx_hal_rcc.c ****       }
 327:Drivers/STM32F4xx_HAL_Driver/Src/stm32f4xx_hal_rcc.c ****       else
 328:Drivers/STM32F4xx_HAL_Driver/Src/stm32f4xx_hal_rcc.c ****       {
 329:Drivers/STM32F4xx_HAL_Driver/Src/stm32f4xx_hal_rcc.c ****         /* Disable the Internal High Speed oscillator (HSI). */
 330:Drivers/STM32F4xx_HAL_Driver/Src/stm32f4xx_hal_rcc.c ****         __HAL_RCC_HSI_DISABLE();
 331:Drivers/STM32F4xx_HAL_Driver/Src/stm32f4xx_hal_rcc.c **** 
 332:Drivers/STM32F4xx_HAL_Driver/Src/stm32f4xx_hal_rcc.c ****         /* Get Start Tick*/
 333:Drivers/STM32F4xx_HAL_Driver/Src/stm32f4xx_hal_rcc.c ****         tickstart = HAL_GetTick();
 334:Drivers/STM32F4xx_HAL_Driver/Src/stm32f4xx_hal_rcc.c **** 
 335:Drivers/STM32F4xx_HAL_Driver/Src/stm32f4xx_hal_rcc.c ****         /* Wait till HSI is ready */
 336:Drivers/STM32F4xx_HAL_Driver/Src/stm32f4xx_hal_rcc.c ****         while (__HAL_RCC_GET_FLAG(RCC_FLAG_HSIRDY) != RESET)
 337:Drivers/STM32F4xx_HAL_Driver/Src/stm32f4xx_hal_rcc.c ****         {
 338:Drivers/STM32F4xx_HAL_Driver/Src/stm32f4xx_hal_rcc.c ****           if ((HAL_GetTick() - tickstart) > HSI_TIMEOUT_VALUE)
 339:Drivers/STM32F4xx_HAL_Driver/Src/stm32f4xx_hal_rcc.c ****           {
 340:Drivers/STM32F4xx_HAL_Driver/Src/stm32f4xx_hal_rcc.c ****             return HAL_TIMEOUT;
 341:Drivers/STM32F4xx_HAL_Driver/Src/stm32f4xx_hal_rcc.c ****           }
 342:Drivers/STM32F4xx_HAL_Driver/Src/stm32f4xx_hal_rcc.c ****         }
 343:Drivers/STM32F4xx_HAL_Driver/Src/stm32f4xx_hal_rcc.c ****       }
ARM GAS  C:\Users\colle\AppData\Local\Temp\cchQjEtO.s 			page 13


 344:Drivers/STM32F4xx_HAL_Driver/Src/stm32f4xx_hal_rcc.c ****     }
 345:Drivers/STM32F4xx_HAL_Driver/Src/stm32f4xx_hal_rcc.c ****   }
 346:Drivers/STM32F4xx_HAL_Driver/Src/stm32f4xx_hal_rcc.c ****   /*------------------------------ LSI Configuration -------------------------*/
 347:Drivers/STM32F4xx_HAL_Driver/Src/stm32f4xx_hal_rcc.c ****   if (((RCC_OscInitStruct->OscillatorType) & RCC_OSCILLATORTYPE_LSI) == RCC_OSCILLATORTYPE_LSI)
 311              		.loc 1 347 3 view .LVU97
 312              		.loc 1 347 26 is_stmt 0 view .LVU98
 313 013e 2368     		ldr	r3, [r4]
 314              		.loc 1 347 6 view .LVU99
 315 0140 13F0080F 		tst	r3, #8
 316 0144 42D0     		beq	.L24
 348:Drivers/STM32F4xx_HAL_Driver/Src/stm32f4xx_hal_rcc.c ****   {
 349:Drivers/STM32F4xx_HAL_Driver/Src/stm32f4xx_hal_rcc.c ****     /* Check the parameters */
 350:Drivers/STM32F4xx_HAL_Driver/Src/stm32f4xx_hal_rcc.c ****     assert_param(IS_RCC_LSI(RCC_OscInitStruct->LSIState));
 317              		.loc 1 350 5 is_stmt 1 view .LVU100
 351:Drivers/STM32F4xx_HAL_Driver/Src/stm32f4xx_hal_rcc.c **** 
 352:Drivers/STM32F4xx_HAL_Driver/Src/stm32f4xx_hal_rcc.c ****     /* Check the LSI State */
 353:Drivers/STM32F4xx_HAL_Driver/Src/stm32f4xx_hal_rcc.c ****     if ((RCC_OscInitStruct->LSIState) != RCC_LSI_OFF)
 318              		.loc 1 353 5 view .LVU101
 319              		.loc 1 353 27 is_stmt 0 view .LVU102
 320 0146 6369     		ldr	r3, [r4, #20]
 321              		.loc 1 353 8 view .LVU103
 322 0148 6BB3     		cbz	r3, .L25
 354:Drivers/STM32F4xx_HAL_Driver/Src/stm32f4xx_hal_rcc.c ****     {
 355:Drivers/STM32F4xx_HAL_Driver/Src/stm32f4xx_hal_rcc.c ****       /* Enable the Internal Low Speed oscillator (LSI). */
 356:Drivers/STM32F4xx_HAL_Driver/Src/stm32f4xx_hal_rcc.c ****       __HAL_RCC_LSI_ENABLE();
 323              		.loc 1 356 7 is_stmt 1 view .LVU104
 324 014a 4F4B     		ldr	r3, .L93+4
 325 014c 0122     		movs	r2, #1
 326 014e C3F8802E 		str	r2, [r3, #3712]
 357:Drivers/STM32F4xx_HAL_Driver/Src/stm32f4xx_hal_rcc.c **** 
 358:Drivers/STM32F4xx_HAL_Driver/Src/stm32f4xx_hal_rcc.c ****       /* Get Start Tick*/
 359:Drivers/STM32F4xx_HAL_Driver/Src/stm32f4xx_hal_rcc.c ****       tickstart = HAL_GetTick();
 327              		.loc 1 359 7 view .LVU105
 328              		.loc 1 359 19 is_stmt 0 view .LVU106
 329 0152 FFF7FEFF 		bl	HAL_GetTick
 330              	.LVL14:
 331 0156 0546     		mov	r5, r0
 332              	.LVL15:
 360:Drivers/STM32F4xx_HAL_Driver/Src/stm32f4xx_hal_rcc.c **** 
 361:Drivers/STM32F4xx_HAL_Driver/Src/stm32f4xx_hal_rcc.c ****       /* Wait till LSI is ready */
 362:Drivers/STM32F4xx_HAL_Driver/Src/stm32f4xx_hal_rcc.c ****       while (__HAL_RCC_GET_FLAG(RCC_FLAG_LSIRDY) == RESET)
 333              		.loc 1 362 7 is_stmt 1 view .LVU107
 334              	.L26:
 335              		.loc 1 362 50 view .LVU108
 336              		.loc 1 362 14 is_stmt 0 view .LVU109
 337 0158 4A4B     		ldr	r3, .L93
 338 015a 5B6F     		ldr	r3, [r3, #116]
 339              		.loc 1 362 50 view .LVU110
 340 015c 13F0020F 		tst	r3, #2
 341 0160 34D1     		bne	.L24
 363:Drivers/STM32F4xx_HAL_Driver/Src/stm32f4xx_hal_rcc.c ****       {
 364:Drivers/STM32F4xx_HAL_Driver/Src/stm32f4xx_hal_rcc.c ****         if ((HAL_GetTick() - tickstart) > LSI_TIMEOUT_VALUE)
 342              		.loc 1 364 9 is_stmt 1 view .LVU111
 343              		.loc 1 364 14 is_stmt 0 view .LVU112
 344 0162 FFF7FEFF 		bl	HAL_GetTick
 345              	.LVL16:
 346              		.loc 1 364 28 discriminator 1 view .LVU113
ARM GAS  C:\Users\colle\AppData\Local\Temp\cchQjEtO.s 			page 14


 347 0166 401B     		subs	r0, r0, r5
 348              		.loc 1 364 12 discriminator 1 view .LVU114
 349 0168 0228     		cmp	r0, #2
 350 016a F5D9     		bls	.L26
 365:Drivers/STM32F4xx_HAL_Driver/Src/stm32f4xx_hal_rcc.c ****         {
 366:Drivers/STM32F4xx_HAL_Driver/Src/stm32f4xx_hal_rcc.c ****           return HAL_TIMEOUT;
 351              		.loc 1 366 18 view .LVU115
 352 016c 0320     		movs	r0, #3
 353 016e 33E1     		b	.L3
 354              	.L84:
 325:Drivers/STM32F4xx_HAL_Driver/Src/stm32f4xx_hal_rcc.c ****       }
 355              		.loc 1 325 9 is_stmt 1 view .LVU116
 356 0170 444A     		ldr	r2, .L93
 357 0172 1368     		ldr	r3, [r2]
 358 0174 23F0F803 		bic	r3, r3, #248
 359 0178 2169     		ldr	r1, [r4, #16]
 360 017a 43EAC103 		orr	r3, r3, r1, lsl #3
 361 017e 1360     		str	r3, [r2]
 362 0180 DDE7     		b	.L15
 363              	.LVL17:
 364              	.L19:
 330:Drivers/STM32F4xx_HAL_Driver/Src/stm32f4xx_hal_rcc.c **** 
 365              		.loc 1 330 9 view .LVU117
 366 0182 414B     		ldr	r3, .L93+4
 367 0184 0022     		movs	r2, #0
 368 0186 1A60     		str	r2, [r3]
 333:Drivers/STM32F4xx_HAL_Driver/Src/stm32f4xx_hal_rcc.c **** 
 369              		.loc 1 333 9 view .LVU118
 333:Drivers/STM32F4xx_HAL_Driver/Src/stm32f4xx_hal_rcc.c **** 
 370              		.loc 1 333 21 is_stmt 0 view .LVU119
 371 0188 FFF7FEFF 		bl	HAL_GetTick
 372              	.LVL18:
 373 018c 0546     		mov	r5, r0
 374              	.LVL19:
 336:Drivers/STM32F4xx_HAL_Driver/Src/stm32f4xx_hal_rcc.c ****         {
 375              		.loc 1 336 9 is_stmt 1 view .LVU120
 376              	.L22:
 336:Drivers/STM32F4xx_HAL_Driver/Src/stm32f4xx_hal_rcc.c ****         {
 377              		.loc 1 336 52 view .LVU121
 336:Drivers/STM32F4xx_HAL_Driver/Src/stm32f4xx_hal_rcc.c ****         {
 378              		.loc 1 336 16 is_stmt 0 view .LVU122
 379 018e 3D4B     		ldr	r3, .L93
 380 0190 1B68     		ldr	r3, [r3]
 336:Drivers/STM32F4xx_HAL_Driver/Src/stm32f4xx_hal_rcc.c ****         {
 381              		.loc 1 336 52 view .LVU123
 382 0192 13F0020F 		tst	r3, #2
 383 0196 D2D0     		beq	.L15
 338:Drivers/STM32F4xx_HAL_Driver/Src/stm32f4xx_hal_rcc.c ****           {
 384              		.loc 1 338 11 is_stmt 1 view .LVU124
 338:Drivers/STM32F4xx_HAL_Driver/Src/stm32f4xx_hal_rcc.c ****           {
 385              		.loc 1 338 16 is_stmt 0 view .LVU125
 386 0198 FFF7FEFF 		bl	HAL_GetTick
 387              	.LVL20:
 338:Drivers/STM32F4xx_HAL_Driver/Src/stm32f4xx_hal_rcc.c ****           {
 388              		.loc 1 338 30 discriminator 1 view .LVU126
 389 019c 401B     		subs	r0, r0, r5
 338:Drivers/STM32F4xx_HAL_Driver/Src/stm32f4xx_hal_rcc.c ****           {
ARM GAS  C:\Users\colle\AppData\Local\Temp\cchQjEtO.s 			page 15


 390              		.loc 1 338 14 discriminator 1 view .LVU127
 391 019e 0228     		cmp	r0, #2
 392 01a0 F5D9     		bls	.L22
 340:Drivers/STM32F4xx_HAL_Driver/Src/stm32f4xx_hal_rcc.c ****           }
 393              		.loc 1 340 20 view .LVU128
 394 01a2 0320     		movs	r0, #3
 395 01a4 18E1     		b	.L3
 396              	.LVL21:
 397              	.L25:
 367:Drivers/STM32F4xx_HAL_Driver/Src/stm32f4xx_hal_rcc.c ****         }
 368:Drivers/STM32F4xx_HAL_Driver/Src/stm32f4xx_hal_rcc.c ****       }
 369:Drivers/STM32F4xx_HAL_Driver/Src/stm32f4xx_hal_rcc.c ****     }
 370:Drivers/STM32F4xx_HAL_Driver/Src/stm32f4xx_hal_rcc.c ****     else
 371:Drivers/STM32F4xx_HAL_Driver/Src/stm32f4xx_hal_rcc.c ****     {
 372:Drivers/STM32F4xx_HAL_Driver/Src/stm32f4xx_hal_rcc.c ****       /* Disable the Internal Low Speed oscillator (LSI). */
 373:Drivers/STM32F4xx_HAL_Driver/Src/stm32f4xx_hal_rcc.c ****       __HAL_RCC_LSI_DISABLE();
 398              		.loc 1 373 7 is_stmt 1 view .LVU129
 399 01a6 384B     		ldr	r3, .L93+4
 400 01a8 0022     		movs	r2, #0
 401 01aa C3F8802E 		str	r2, [r3, #3712]
 374:Drivers/STM32F4xx_HAL_Driver/Src/stm32f4xx_hal_rcc.c **** 
 375:Drivers/STM32F4xx_HAL_Driver/Src/stm32f4xx_hal_rcc.c ****       /* Get Start Tick */
 376:Drivers/STM32F4xx_HAL_Driver/Src/stm32f4xx_hal_rcc.c ****       tickstart = HAL_GetTick();
 402              		.loc 1 376 7 view .LVU130
 403              		.loc 1 376 19 is_stmt 0 view .LVU131
 404 01ae FFF7FEFF 		bl	HAL_GetTick
 405              	.LVL22:
 406 01b2 0546     		mov	r5, r0
 407              	.LVL23:
 377:Drivers/STM32F4xx_HAL_Driver/Src/stm32f4xx_hal_rcc.c **** 
 378:Drivers/STM32F4xx_HAL_Driver/Src/stm32f4xx_hal_rcc.c ****       /* Wait till LSI is ready */
 379:Drivers/STM32F4xx_HAL_Driver/Src/stm32f4xx_hal_rcc.c ****       while (__HAL_RCC_GET_FLAG(RCC_FLAG_LSIRDY) != RESET)
 408              		.loc 1 379 7 is_stmt 1 view .LVU132
 409              	.L28:
 410              		.loc 1 379 50 view .LVU133
 411              		.loc 1 379 14 is_stmt 0 view .LVU134
 412 01b4 334B     		ldr	r3, .L93
 413 01b6 5B6F     		ldr	r3, [r3, #116]
 414              		.loc 1 379 50 view .LVU135
 415 01b8 13F0020F 		tst	r3, #2
 416 01bc 06D0     		beq	.L24
 380:Drivers/STM32F4xx_HAL_Driver/Src/stm32f4xx_hal_rcc.c ****       {
 381:Drivers/STM32F4xx_HAL_Driver/Src/stm32f4xx_hal_rcc.c ****         if ((HAL_GetTick() - tickstart) > LSI_TIMEOUT_VALUE)
 417              		.loc 1 381 9 is_stmt 1 view .LVU136
 418              		.loc 1 381 14 is_stmt 0 view .LVU137
 419 01be FFF7FEFF 		bl	HAL_GetTick
 420              	.LVL24:
 421              		.loc 1 381 28 discriminator 1 view .LVU138
 422 01c2 401B     		subs	r0, r0, r5
 423              		.loc 1 381 12 discriminator 1 view .LVU139
 424 01c4 0228     		cmp	r0, #2
 425 01c6 F5D9     		bls	.L28
 382:Drivers/STM32F4xx_HAL_Driver/Src/stm32f4xx_hal_rcc.c ****         {
 383:Drivers/STM32F4xx_HAL_Driver/Src/stm32f4xx_hal_rcc.c ****           return HAL_TIMEOUT;
 426              		.loc 1 383 18 view .LVU140
 427 01c8 0320     		movs	r0, #3
 428 01ca 05E1     		b	.L3
ARM GAS  C:\Users\colle\AppData\Local\Temp\cchQjEtO.s 			page 16


 429              	.LVL25:
 430              	.L24:
 384:Drivers/STM32F4xx_HAL_Driver/Src/stm32f4xx_hal_rcc.c ****         }
 385:Drivers/STM32F4xx_HAL_Driver/Src/stm32f4xx_hal_rcc.c ****       }
 386:Drivers/STM32F4xx_HAL_Driver/Src/stm32f4xx_hal_rcc.c ****     }
 387:Drivers/STM32F4xx_HAL_Driver/Src/stm32f4xx_hal_rcc.c ****   }
 388:Drivers/STM32F4xx_HAL_Driver/Src/stm32f4xx_hal_rcc.c ****   /*------------------------------ LSE Configuration -------------------------*/
 389:Drivers/STM32F4xx_HAL_Driver/Src/stm32f4xx_hal_rcc.c ****   if (((RCC_OscInitStruct->OscillatorType) & RCC_OSCILLATORTYPE_LSE) == RCC_OSCILLATORTYPE_LSE)
 431              		.loc 1 389 3 is_stmt 1 view .LVU141
 432              		.loc 1 389 26 is_stmt 0 view .LVU142
 433 01cc 2368     		ldr	r3, [r4]
 434              		.loc 1 389 6 view .LVU143
 435 01ce 13F0040F 		tst	r3, #4
 436 01d2 79D0     		beq	.L30
 437              	.LBB2:
 390:Drivers/STM32F4xx_HAL_Driver/Src/stm32f4xx_hal_rcc.c ****   {
 391:Drivers/STM32F4xx_HAL_Driver/Src/stm32f4xx_hal_rcc.c ****     FlagStatus       pwrclkchanged = RESET;
 438              		.loc 1 391 5 is_stmt 1 view .LVU144
 439              	.LVL26:
 392:Drivers/STM32F4xx_HAL_Driver/Src/stm32f4xx_hal_rcc.c **** 
 393:Drivers/STM32F4xx_HAL_Driver/Src/stm32f4xx_hal_rcc.c ****     /* Check the parameters */
 394:Drivers/STM32F4xx_HAL_Driver/Src/stm32f4xx_hal_rcc.c ****     assert_param(IS_RCC_LSE(RCC_OscInitStruct->LSEState));
 440              		.loc 1 394 5 view .LVU145
 395:Drivers/STM32F4xx_HAL_Driver/Src/stm32f4xx_hal_rcc.c **** 
 396:Drivers/STM32F4xx_HAL_Driver/Src/stm32f4xx_hal_rcc.c ****     /* Update LSE configuration in Backup Domain control register    */
 397:Drivers/STM32F4xx_HAL_Driver/Src/stm32f4xx_hal_rcc.c ****     /* Requires to enable write access to Backup Domain of necessary */
 398:Drivers/STM32F4xx_HAL_Driver/Src/stm32f4xx_hal_rcc.c ****     if (__HAL_RCC_PWR_IS_CLK_DISABLED())
 441              		.loc 1 398 5 view .LVU146
 442              		.loc 1 398 9 is_stmt 0 view .LVU147
 443 01d4 2B4B     		ldr	r3, .L93
 444 01d6 1B6C     		ldr	r3, [r3, #64]
 445              		.loc 1 398 8 view .LVU148
 446 01d8 13F0805F 		tst	r3, #268435456
 447 01dc 34D1     		bne	.L61
 399:Drivers/STM32F4xx_HAL_Driver/Src/stm32f4xx_hal_rcc.c ****     {
 400:Drivers/STM32F4xx_HAL_Driver/Src/stm32f4xx_hal_rcc.c ****       __HAL_RCC_PWR_CLK_ENABLE();
 448              		.loc 1 400 7 is_stmt 1 view .LVU149
 449              	.LBB3:
 450              		.loc 1 400 7 view .LVU150
 451 01de 0023     		movs	r3, #0
 452 01e0 0193     		str	r3, [sp, #4]
 453              		.loc 1 400 7 view .LVU151
 454 01e2 284B     		ldr	r3, .L93
 455 01e4 1A6C     		ldr	r2, [r3, #64]
 456 01e6 42F08052 		orr	r2, r2, #268435456
 457 01ea 1A64     		str	r2, [r3, #64]
 458              		.loc 1 400 7 view .LVU152
 459 01ec 1B6C     		ldr	r3, [r3, #64]
 460 01ee 03F08053 		and	r3, r3, #268435456
 461 01f2 0193     		str	r3, [sp, #4]
 462              		.loc 1 400 7 view .LVU153
 463 01f4 019B     		ldr	r3, [sp, #4]
 464              	.LBE3:
 465              		.loc 1 400 7 view .LVU154
 401:Drivers/STM32F4xx_HAL_Driver/Src/stm32f4xx_hal_rcc.c ****       pwrclkchanged = SET;
 466              		.loc 1 401 7 view .LVU155
 467              	.LVL27:
ARM GAS  C:\Users\colle\AppData\Local\Temp\cchQjEtO.s 			page 17


 468              		.loc 1 401 21 is_stmt 0 view .LVU156
 469 01f6 0123     		movs	r3, #1
 470 01f8 1E46     		mov	r6, r3
 471              	.LVL28:
 472              	.L31:
 402:Drivers/STM32F4xx_HAL_Driver/Src/stm32f4xx_hal_rcc.c ****     }
 403:Drivers/STM32F4xx_HAL_Driver/Src/stm32f4xx_hal_rcc.c **** 
 404:Drivers/STM32F4xx_HAL_Driver/Src/stm32f4xx_hal_rcc.c ****     if (HAL_IS_BIT_CLR(PWR->CR, PWR_CR_DBP))
 473              		.loc 1 404 5 is_stmt 1 view .LVU157
 474              		.loc 1 404 9 is_stmt 0 view .LVU158
 475 01fa 244B     		ldr	r3, .L93+8
 476 01fc 1B68     		ldr	r3, [r3]
 477              		.loc 1 404 8 view .LVU159
 478 01fe 13F4807F 		tst	r3, #256
 479 0202 24D0     		beq	.L85
 480              	.L32:
 405:Drivers/STM32F4xx_HAL_Driver/Src/stm32f4xx_hal_rcc.c ****     {
 406:Drivers/STM32F4xx_HAL_Driver/Src/stm32f4xx_hal_rcc.c ****       /* Enable write access to Backup domain */
 407:Drivers/STM32F4xx_HAL_Driver/Src/stm32f4xx_hal_rcc.c ****       SET_BIT(PWR->CR, PWR_CR_DBP);
 408:Drivers/STM32F4xx_HAL_Driver/Src/stm32f4xx_hal_rcc.c **** 
 409:Drivers/STM32F4xx_HAL_Driver/Src/stm32f4xx_hal_rcc.c ****       /* Wait for Backup domain Write protection disable */
 410:Drivers/STM32F4xx_HAL_Driver/Src/stm32f4xx_hal_rcc.c ****       tickstart = HAL_GetTick();
 411:Drivers/STM32F4xx_HAL_Driver/Src/stm32f4xx_hal_rcc.c **** 
 412:Drivers/STM32F4xx_HAL_Driver/Src/stm32f4xx_hal_rcc.c ****       while (HAL_IS_BIT_CLR(PWR->CR, PWR_CR_DBP))
 413:Drivers/STM32F4xx_HAL_Driver/Src/stm32f4xx_hal_rcc.c ****       {
 414:Drivers/STM32F4xx_HAL_Driver/Src/stm32f4xx_hal_rcc.c ****         if ((HAL_GetTick() - tickstart) > RCC_DBP_TIMEOUT_VALUE)
 415:Drivers/STM32F4xx_HAL_Driver/Src/stm32f4xx_hal_rcc.c ****         {
 416:Drivers/STM32F4xx_HAL_Driver/Src/stm32f4xx_hal_rcc.c ****           return HAL_TIMEOUT;
 417:Drivers/STM32F4xx_HAL_Driver/Src/stm32f4xx_hal_rcc.c ****         }
 418:Drivers/STM32F4xx_HAL_Driver/Src/stm32f4xx_hal_rcc.c ****       }
 419:Drivers/STM32F4xx_HAL_Driver/Src/stm32f4xx_hal_rcc.c ****     }
 420:Drivers/STM32F4xx_HAL_Driver/Src/stm32f4xx_hal_rcc.c **** 
 421:Drivers/STM32F4xx_HAL_Driver/Src/stm32f4xx_hal_rcc.c ****     /* Set the new LSE configuration -----------------------------------------*/
 422:Drivers/STM32F4xx_HAL_Driver/Src/stm32f4xx_hal_rcc.c ****     __HAL_RCC_LSE_CONFIG(RCC_OscInitStruct->LSEState);
 481              		.loc 1 422 5 is_stmt 1 view .LVU160
 482              		.loc 1 422 5 view .LVU161
 483 0204 A368     		ldr	r3, [r4, #8]
 484 0206 012B     		cmp	r3, #1
 485 0208 35D0     		beq	.L86
 486              		.loc 1 422 5 discriminator 2 view .LVU162
 487 020a 052B     		cmp	r3, #5
 488 020c 40D0     		beq	.L87
 489              		.loc 1 422 5 discriminator 4 view .LVU163
 490 020e 1D4B     		ldr	r3, .L93
 491 0210 1A6F     		ldr	r2, [r3, #112]
 492 0212 22F00102 		bic	r2, r2, #1
 493 0216 1A67     		str	r2, [r3, #112]
 494              		.loc 1 422 5 view .LVU164
 495              		.loc 1 422 5 is_stmt 0 discriminator 4 view .LVU165
 496 0218 1A6F     		ldr	r2, [r3, #112]
 497 021a 22F00402 		bic	r2, r2, #4
 498 021e 1A67     		str	r2, [r3, #112]
 499              	.L36:
 500              		.loc 1 422 5 is_stmt 1 view .LVU166
 423:Drivers/STM32F4xx_HAL_Driver/Src/stm32f4xx_hal_rcc.c ****     /* Check the LSE State */
 424:Drivers/STM32F4xx_HAL_Driver/Src/stm32f4xx_hal_rcc.c ****     if ((RCC_OscInitStruct->LSEState) != RCC_LSE_OFF)
 501              		.loc 1 424 5 view .LVU167
ARM GAS  C:\Users\colle\AppData\Local\Temp\cchQjEtO.s 			page 18


 502              		.loc 1 424 27 is_stmt 0 view .LVU168
 503 0220 A368     		ldr	r3, [r4, #8]
 504              		.loc 1 424 8 view .LVU169
 505 0222 002B     		cmp	r3, #0
 506 0224 3ED0     		beq	.L38
 425:Drivers/STM32F4xx_HAL_Driver/Src/stm32f4xx_hal_rcc.c ****     {
 426:Drivers/STM32F4xx_HAL_Driver/Src/stm32f4xx_hal_rcc.c ****       /* Get Start Tick*/
 427:Drivers/STM32F4xx_HAL_Driver/Src/stm32f4xx_hal_rcc.c ****       tickstart = HAL_GetTick();
 507              		.loc 1 427 7 is_stmt 1 view .LVU170
 508              		.loc 1 427 19 is_stmt 0 view .LVU171
 509 0226 FFF7FEFF 		bl	HAL_GetTick
 510              	.LVL29:
 511 022a 0546     		mov	r5, r0
 512              	.LVL30:
 428:Drivers/STM32F4xx_HAL_Driver/Src/stm32f4xx_hal_rcc.c **** 
 429:Drivers/STM32F4xx_HAL_Driver/Src/stm32f4xx_hal_rcc.c ****       /* Wait till LSE is ready */
 430:Drivers/STM32F4xx_HAL_Driver/Src/stm32f4xx_hal_rcc.c ****       while (__HAL_RCC_GET_FLAG(RCC_FLAG_LSERDY) == RESET)
 513              		.loc 1 430 7 is_stmt 1 view .LVU172
 514              	.L39:
 515              		.loc 1 430 50 view .LVU173
 516              		.loc 1 430 14 is_stmt 0 view .LVU174
 517 022c 154B     		ldr	r3, .L93
 518 022e 1B6F     		ldr	r3, [r3, #112]
 519              		.loc 1 430 50 view .LVU175
 520 0230 13F0020F 		tst	r3, #2
 521 0234 47D1     		bne	.L41
 431:Drivers/STM32F4xx_HAL_Driver/Src/stm32f4xx_hal_rcc.c ****       {
 432:Drivers/STM32F4xx_HAL_Driver/Src/stm32f4xx_hal_rcc.c ****         if ((HAL_GetTick() - tickstart) > RCC_LSE_TIMEOUT_VALUE)
 522              		.loc 1 432 9 is_stmt 1 view .LVU176
 523              		.loc 1 432 14 is_stmt 0 view .LVU177
 524 0236 FFF7FEFF 		bl	HAL_GetTick
 525              	.LVL31:
 526              		.loc 1 432 28 discriminator 1 view .LVU178
 527 023a 401B     		subs	r0, r0, r5
 528              		.loc 1 432 12 discriminator 1 view .LVU179
 529 023c 41F28833 		movw	r3, #5000
 530 0240 9842     		cmp	r0, r3
 531 0242 F3D9     		bls	.L39
 433:Drivers/STM32F4xx_HAL_Driver/Src/stm32f4xx_hal_rcc.c ****         {
 434:Drivers/STM32F4xx_HAL_Driver/Src/stm32f4xx_hal_rcc.c ****           return HAL_TIMEOUT;
 532              		.loc 1 434 18 view .LVU180
 533 0244 0320     		movs	r0, #3
 534 0246 C7E0     		b	.L3
 535              	.LVL32:
 536              	.L61:
 391:Drivers/STM32F4xx_HAL_Driver/Src/stm32f4xx_hal_rcc.c **** 
 537              		.loc 1 391 22 view .LVU181
 538 0248 0023     		movs	r3, #0
 539 024a 1E46     		mov	r6, r3
 540 024c D5E7     		b	.L31
 541              	.LVL33:
 542              	.L85:
 407:Drivers/STM32F4xx_HAL_Driver/Src/stm32f4xx_hal_rcc.c **** 
 543              		.loc 1 407 7 is_stmt 1 view .LVU182
 544 024e 0F4A     		ldr	r2, .L93+8
 545 0250 1368     		ldr	r3, [r2]
 546 0252 43F48073 		orr	r3, r3, #256
ARM GAS  C:\Users\colle\AppData\Local\Temp\cchQjEtO.s 			page 19


 547 0256 1360     		str	r3, [r2]
 410:Drivers/STM32F4xx_HAL_Driver/Src/stm32f4xx_hal_rcc.c **** 
 548              		.loc 1 410 7 view .LVU183
 410:Drivers/STM32F4xx_HAL_Driver/Src/stm32f4xx_hal_rcc.c **** 
 549              		.loc 1 410 19 is_stmt 0 view .LVU184
 550 0258 FFF7FEFF 		bl	HAL_GetTick
 551              	.LVL34:
 552 025c 0546     		mov	r5, r0
 553              	.LVL35:
 412:Drivers/STM32F4xx_HAL_Driver/Src/stm32f4xx_hal_rcc.c ****       {
 554              		.loc 1 412 7 is_stmt 1 view .LVU185
 555              	.L33:
 412:Drivers/STM32F4xx_HAL_Driver/Src/stm32f4xx_hal_rcc.c ****       {
 556              		.loc 1 412 14 view .LVU186
 557 025e 0B4B     		ldr	r3, .L93+8
 558 0260 1B68     		ldr	r3, [r3]
 559 0262 13F4807F 		tst	r3, #256
 560 0266 CDD1     		bne	.L32
 414:Drivers/STM32F4xx_HAL_Driver/Src/stm32f4xx_hal_rcc.c ****         {
 561              		.loc 1 414 9 view .LVU187
 414:Drivers/STM32F4xx_HAL_Driver/Src/stm32f4xx_hal_rcc.c ****         {
 562              		.loc 1 414 14 is_stmt 0 view .LVU188
 563 0268 FFF7FEFF 		bl	HAL_GetTick
 564              	.LVL36:
 414:Drivers/STM32F4xx_HAL_Driver/Src/stm32f4xx_hal_rcc.c ****         {
 565              		.loc 1 414 28 discriminator 1 view .LVU189
 566 026c 401B     		subs	r0, r0, r5
 414:Drivers/STM32F4xx_HAL_Driver/Src/stm32f4xx_hal_rcc.c ****         {
 567              		.loc 1 414 12 discriminator 1 view .LVU190
 568 026e 0228     		cmp	r0, #2
 569 0270 F5D9     		bls	.L33
 416:Drivers/STM32F4xx_HAL_Driver/Src/stm32f4xx_hal_rcc.c ****         }
 570              		.loc 1 416 18 view .LVU191
 571 0272 0320     		movs	r0, #3
 572 0274 B0E0     		b	.L3
 573              	.LVL37:
 574              	.L86:
 422:Drivers/STM32F4xx_HAL_Driver/Src/stm32f4xx_hal_rcc.c ****     /* Check the LSE State */
 575              		.loc 1 422 5 is_stmt 1 discriminator 1 view .LVU192
 576 0276 034A     		ldr	r2, .L93
 577 0278 136F     		ldr	r3, [r2, #112]
 578 027a 43F00103 		orr	r3, r3, #1
 579 027e 1367     		str	r3, [r2, #112]
 580 0280 CEE7     		b	.L36
 581              	.L94:
 582 0282 00BF     		.align	2
 583              	.L93:
 584 0284 00380240 		.word	1073887232
 585 0288 00004742 		.word	1111949312
 586 028c 00700040 		.word	1073770496
 587              	.L87:
 422:Drivers/STM32F4xx_HAL_Driver/Src/stm32f4xx_hal_rcc.c ****     /* Check the LSE State */
 588              		.loc 1 422 5 discriminator 3 view .LVU193
 589 0290 584B     		ldr	r3, .L95
 590 0292 1A6F     		ldr	r2, [r3, #112]
 591 0294 42F00402 		orr	r2, r2, #4
 592 0298 1A67     		str	r2, [r3, #112]
ARM GAS  C:\Users\colle\AppData\Local\Temp\cchQjEtO.s 			page 20


 422:Drivers/STM32F4xx_HAL_Driver/Src/stm32f4xx_hal_rcc.c ****     /* Check the LSE State */
 593              		.loc 1 422 5 view .LVU194
 422:Drivers/STM32F4xx_HAL_Driver/Src/stm32f4xx_hal_rcc.c ****     /* Check the LSE State */
 594              		.loc 1 422 5 is_stmt 0 discriminator 3 view .LVU195
 595 029a 1A6F     		ldr	r2, [r3, #112]
 596 029c 42F00102 		orr	r2, r2, #1
 597 02a0 1A67     		str	r2, [r3, #112]
 598 02a2 BDE7     		b	.L36
 599              	.L38:
 435:Drivers/STM32F4xx_HAL_Driver/Src/stm32f4xx_hal_rcc.c ****         }
 436:Drivers/STM32F4xx_HAL_Driver/Src/stm32f4xx_hal_rcc.c ****       }
 437:Drivers/STM32F4xx_HAL_Driver/Src/stm32f4xx_hal_rcc.c ****     }
 438:Drivers/STM32F4xx_HAL_Driver/Src/stm32f4xx_hal_rcc.c ****     else
 439:Drivers/STM32F4xx_HAL_Driver/Src/stm32f4xx_hal_rcc.c ****     {
 440:Drivers/STM32F4xx_HAL_Driver/Src/stm32f4xx_hal_rcc.c ****       /* Get Start Tick */
 441:Drivers/STM32F4xx_HAL_Driver/Src/stm32f4xx_hal_rcc.c ****       tickstart = HAL_GetTick();
 600              		.loc 1 441 7 is_stmt 1 view .LVU196
 601              		.loc 1 441 19 is_stmt 0 view .LVU197
 602 02a4 FFF7FEFF 		bl	HAL_GetTick
 603              	.LVL38:
 604 02a8 0546     		mov	r5, r0
 605              	.LVL39:
 442:Drivers/STM32F4xx_HAL_Driver/Src/stm32f4xx_hal_rcc.c **** 
 443:Drivers/STM32F4xx_HAL_Driver/Src/stm32f4xx_hal_rcc.c ****       /* Wait till LSE is ready */
 444:Drivers/STM32F4xx_HAL_Driver/Src/stm32f4xx_hal_rcc.c ****       while (__HAL_RCC_GET_FLAG(RCC_FLAG_LSERDY) != RESET)
 606              		.loc 1 444 7 is_stmt 1 view .LVU198
 607              	.L42:
 608              		.loc 1 444 50 view .LVU199
 609              		.loc 1 444 14 is_stmt 0 view .LVU200
 610 02aa 524B     		ldr	r3, .L95
 611 02ac 1B6F     		ldr	r3, [r3, #112]
 612              		.loc 1 444 50 view .LVU201
 613 02ae 13F0020F 		tst	r3, #2
 614 02b2 08D0     		beq	.L41
 445:Drivers/STM32F4xx_HAL_Driver/Src/stm32f4xx_hal_rcc.c ****       {
 446:Drivers/STM32F4xx_HAL_Driver/Src/stm32f4xx_hal_rcc.c ****         if ((HAL_GetTick() - tickstart) > RCC_LSE_TIMEOUT_VALUE)
 615              		.loc 1 446 9 is_stmt 1 view .LVU202
 616              		.loc 1 446 14 is_stmt 0 view .LVU203
 617 02b4 FFF7FEFF 		bl	HAL_GetTick
 618              	.LVL40:
 619              		.loc 1 446 28 discriminator 1 view .LVU204
 620 02b8 401B     		subs	r0, r0, r5
 621              		.loc 1 446 12 discriminator 1 view .LVU205
 622 02ba 41F28833 		movw	r3, #5000
 623 02be 9842     		cmp	r0, r3
 624 02c0 F3D9     		bls	.L42
 447:Drivers/STM32F4xx_HAL_Driver/Src/stm32f4xx_hal_rcc.c ****         {
 448:Drivers/STM32F4xx_HAL_Driver/Src/stm32f4xx_hal_rcc.c ****           return HAL_TIMEOUT;
 625              		.loc 1 448 18 view .LVU206
 626 02c2 0320     		movs	r0, #3
 627 02c4 88E0     		b	.L3
 628              	.L41:
 449:Drivers/STM32F4xx_HAL_Driver/Src/stm32f4xx_hal_rcc.c ****         }
 450:Drivers/STM32F4xx_HAL_Driver/Src/stm32f4xx_hal_rcc.c ****       }
 451:Drivers/STM32F4xx_HAL_Driver/Src/stm32f4xx_hal_rcc.c ****     }
 452:Drivers/STM32F4xx_HAL_Driver/Src/stm32f4xx_hal_rcc.c **** 
 453:Drivers/STM32F4xx_HAL_Driver/Src/stm32f4xx_hal_rcc.c ****     /* Restore clock configuration if changed */
ARM GAS  C:\Users\colle\AppData\Local\Temp\cchQjEtO.s 			page 21


 454:Drivers/STM32F4xx_HAL_Driver/Src/stm32f4xx_hal_rcc.c ****     if (pwrclkchanged == SET)
 629              		.loc 1 454 5 is_stmt 1 view .LVU207
 630              		.loc 1 454 8 is_stmt 0 view .LVU208
 631 02c6 EEB9     		cbnz	r6, .L88
 632              	.LVL41:
 633              	.L30:
 634              		.loc 1 454 8 view .LVU209
 635              	.LBE2:
 455:Drivers/STM32F4xx_HAL_Driver/Src/stm32f4xx_hal_rcc.c ****     {
 456:Drivers/STM32F4xx_HAL_Driver/Src/stm32f4xx_hal_rcc.c ****       __HAL_RCC_PWR_CLK_DISABLE();
 457:Drivers/STM32F4xx_HAL_Driver/Src/stm32f4xx_hal_rcc.c ****     }
 458:Drivers/STM32F4xx_HAL_Driver/Src/stm32f4xx_hal_rcc.c ****   }
 459:Drivers/STM32F4xx_HAL_Driver/Src/stm32f4xx_hal_rcc.c ****   /*-------------------------------- PLL Configuration -----------------------*/
 460:Drivers/STM32F4xx_HAL_Driver/Src/stm32f4xx_hal_rcc.c ****   /* Check the parameters */
 461:Drivers/STM32F4xx_HAL_Driver/Src/stm32f4xx_hal_rcc.c ****   assert_param(IS_RCC_PLL(RCC_OscInitStruct->PLL.PLLState));
 636              		.loc 1 461 3 is_stmt 1 view .LVU210
 462:Drivers/STM32F4xx_HAL_Driver/Src/stm32f4xx_hal_rcc.c ****   if ((RCC_OscInitStruct->PLL.PLLState) != RCC_PLL_NONE)
 637              		.loc 1 462 3 view .LVU211
 638              		.loc 1 462 30 is_stmt 0 view .LVU212
 639 02c8 A369     		ldr	r3, [r4, #24]
 640              		.loc 1 462 6 view .LVU213
 641 02ca 002B     		cmp	r3, #0
 642 02cc 00F08380 		beq	.L65
 463:Drivers/STM32F4xx_HAL_Driver/Src/stm32f4xx_hal_rcc.c ****   {
 464:Drivers/STM32F4xx_HAL_Driver/Src/stm32f4xx_hal_rcc.c ****     /* Check if the PLL is used as system clock or not */
 465:Drivers/STM32F4xx_HAL_Driver/Src/stm32f4xx_hal_rcc.c ****     if (__HAL_RCC_GET_SYSCLK_SOURCE() != RCC_CFGR_SWS_PLL)
 643              		.loc 1 465 5 is_stmt 1 view .LVU214
 644              		.loc 1 465 9 is_stmt 0 view .LVU215
 645 02d0 484A     		ldr	r2, .L95
 646 02d2 9268     		ldr	r2, [r2, #8]
 647 02d4 02F00C02 		and	r2, r2, #12
 648              		.loc 1 465 8 view .LVU216
 649 02d8 082A     		cmp	r2, #8
 650 02da 51D0     		beq	.L44
 466:Drivers/STM32F4xx_HAL_Driver/Src/stm32f4xx_hal_rcc.c ****     {
 467:Drivers/STM32F4xx_HAL_Driver/Src/stm32f4xx_hal_rcc.c ****       if ((RCC_OscInitStruct->PLL.PLLState) == RCC_PLL_ON)
 651              		.loc 1 467 7 is_stmt 1 view .LVU217
 652              		.loc 1 467 10 is_stmt 0 view .LVU218
 653 02dc 022B     		cmp	r3, #2
 654 02de 17D0     		beq	.L89
 468:Drivers/STM32F4xx_HAL_Driver/Src/stm32f4xx_hal_rcc.c ****       {
 469:Drivers/STM32F4xx_HAL_Driver/Src/stm32f4xx_hal_rcc.c ****         /* Check the parameters */
 470:Drivers/STM32F4xx_HAL_Driver/Src/stm32f4xx_hal_rcc.c ****         assert_param(IS_RCC_PLLSOURCE(RCC_OscInitStruct->PLL.PLLSource));
 471:Drivers/STM32F4xx_HAL_Driver/Src/stm32f4xx_hal_rcc.c ****         assert_param(IS_RCC_PLLM_VALUE(RCC_OscInitStruct->PLL.PLLM));
 472:Drivers/STM32F4xx_HAL_Driver/Src/stm32f4xx_hal_rcc.c ****         assert_param(IS_RCC_PLLN_VALUE(RCC_OscInitStruct->PLL.PLLN));
 473:Drivers/STM32F4xx_HAL_Driver/Src/stm32f4xx_hal_rcc.c ****         assert_param(IS_RCC_PLLP_VALUE(RCC_OscInitStruct->PLL.PLLP));
 474:Drivers/STM32F4xx_HAL_Driver/Src/stm32f4xx_hal_rcc.c ****         assert_param(IS_RCC_PLLQ_VALUE(RCC_OscInitStruct->PLL.PLLQ));
 475:Drivers/STM32F4xx_HAL_Driver/Src/stm32f4xx_hal_rcc.c **** 
 476:Drivers/STM32F4xx_HAL_Driver/Src/stm32f4xx_hal_rcc.c ****         /* Disable the main PLL. */
 477:Drivers/STM32F4xx_HAL_Driver/Src/stm32f4xx_hal_rcc.c ****         __HAL_RCC_PLL_DISABLE();
 478:Drivers/STM32F4xx_HAL_Driver/Src/stm32f4xx_hal_rcc.c **** 
 479:Drivers/STM32F4xx_HAL_Driver/Src/stm32f4xx_hal_rcc.c ****         /* Get Start Tick */
 480:Drivers/STM32F4xx_HAL_Driver/Src/stm32f4xx_hal_rcc.c ****         tickstart = HAL_GetTick();
 481:Drivers/STM32F4xx_HAL_Driver/Src/stm32f4xx_hal_rcc.c **** 
 482:Drivers/STM32F4xx_HAL_Driver/Src/stm32f4xx_hal_rcc.c ****         /* Wait till PLL is disabled */
 483:Drivers/STM32F4xx_HAL_Driver/Src/stm32f4xx_hal_rcc.c ****         while (__HAL_RCC_GET_FLAG(RCC_FLAG_PLLRDY) != RESET)
 484:Drivers/STM32F4xx_HAL_Driver/Src/stm32f4xx_hal_rcc.c ****         {
ARM GAS  C:\Users\colle\AppData\Local\Temp\cchQjEtO.s 			page 22


 485:Drivers/STM32F4xx_HAL_Driver/Src/stm32f4xx_hal_rcc.c ****           if ((HAL_GetTick() - tickstart) > PLL_TIMEOUT_VALUE)
 486:Drivers/STM32F4xx_HAL_Driver/Src/stm32f4xx_hal_rcc.c ****           {
 487:Drivers/STM32F4xx_HAL_Driver/Src/stm32f4xx_hal_rcc.c ****             return HAL_TIMEOUT;
 488:Drivers/STM32F4xx_HAL_Driver/Src/stm32f4xx_hal_rcc.c ****           }
 489:Drivers/STM32F4xx_HAL_Driver/Src/stm32f4xx_hal_rcc.c ****         }
 490:Drivers/STM32F4xx_HAL_Driver/Src/stm32f4xx_hal_rcc.c **** 
 491:Drivers/STM32F4xx_HAL_Driver/Src/stm32f4xx_hal_rcc.c ****         /* Configure the main PLL clock source, multiplication and division factors. */
 492:Drivers/STM32F4xx_HAL_Driver/Src/stm32f4xx_hal_rcc.c ****         WRITE_REG(RCC->PLLCFGR, (RCC_OscInitStruct->PLL.PLLSource                                  
 493:Drivers/STM32F4xx_HAL_Driver/Src/stm32f4xx_hal_rcc.c ****                                  RCC_OscInitStruct->PLL.PLLM                                       
 494:Drivers/STM32F4xx_HAL_Driver/Src/stm32f4xx_hal_rcc.c ****                                  (RCC_OscInitStruct->PLL.PLLN << RCC_PLLCFGR_PLLN_Pos)             
 495:Drivers/STM32F4xx_HAL_Driver/Src/stm32f4xx_hal_rcc.c ****                                  (((RCC_OscInitStruct->PLL.PLLP >> 1U) - 1U) << RCC_PLLCFGR_PLLP_Po
 496:Drivers/STM32F4xx_HAL_Driver/Src/stm32f4xx_hal_rcc.c ****                                  (RCC_OscInitStruct->PLL.PLLQ << RCC_PLLCFGR_PLLQ_Pos)));
 497:Drivers/STM32F4xx_HAL_Driver/Src/stm32f4xx_hal_rcc.c ****         /* Enable the main PLL. */
 498:Drivers/STM32F4xx_HAL_Driver/Src/stm32f4xx_hal_rcc.c ****         __HAL_RCC_PLL_ENABLE();
 499:Drivers/STM32F4xx_HAL_Driver/Src/stm32f4xx_hal_rcc.c **** 
 500:Drivers/STM32F4xx_HAL_Driver/Src/stm32f4xx_hal_rcc.c ****         /* Get Start Tick */
 501:Drivers/STM32F4xx_HAL_Driver/Src/stm32f4xx_hal_rcc.c ****         tickstart = HAL_GetTick();
 502:Drivers/STM32F4xx_HAL_Driver/Src/stm32f4xx_hal_rcc.c **** 
 503:Drivers/STM32F4xx_HAL_Driver/Src/stm32f4xx_hal_rcc.c ****         /* Wait till PLL is ready */
 504:Drivers/STM32F4xx_HAL_Driver/Src/stm32f4xx_hal_rcc.c ****         while (__HAL_RCC_GET_FLAG(RCC_FLAG_PLLRDY) == RESET)
 505:Drivers/STM32F4xx_HAL_Driver/Src/stm32f4xx_hal_rcc.c ****         {
 506:Drivers/STM32F4xx_HAL_Driver/Src/stm32f4xx_hal_rcc.c ****           if ((HAL_GetTick() - tickstart) > PLL_TIMEOUT_VALUE)
 507:Drivers/STM32F4xx_HAL_Driver/Src/stm32f4xx_hal_rcc.c ****           {
 508:Drivers/STM32F4xx_HAL_Driver/Src/stm32f4xx_hal_rcc.c ****             return HAL_TIMEOUT;
 509:Drivers/STM32F4xx_HAL_Driver/Src/stm32f4xx_hal_rcc.c ****           }
 510:Drivers/STM32F4xx_HAL_Driver/Src/stm32f4xx_hal_rcc.c ****         }
 511:Drivers/STM32F4xx_HAL_Driver/Src/stm32f4xx_hal_rcc.c ****       }
 512:Drivers/STM32F4xx_HAL_Driver/Src/stm32f4xx_hal_rcc.c ****       else
 513:Drivers/STM32F4xx_HAL_Driver/Src/stm32f4xx_hal_rcc.c ****       {
 514:Drivers/STM32F4xx_HAL_Driver/Src/stm32f4xx_hal_rcc.c ****         /* Disable the main PLL. */
 515:Drivers/STM32F4xx_HAL_Driver/Src/stm32f4xx_hal_rcc.c ****         __HAL_RCC_PLL_DISABLE();
 655              		.loc 1 515 9 is_stmt 1 view .LVU219
 656 02e0 454B     		ldr	r3, .L95+4
 657 02e2 0022     		movs	r2, #0
 658 02e4 1A66     		str	r2, [r3, #96]
 516:Drivers/STM32F4xx_HAL_Driver/Src/stm32f4xx_hal_rcc.c **** 
 517:Drivers/STM32F4xx_HAL_Driver/Src/stm32f4xx_hal_rcc.c ****         /* Get Start Tick */
 518:Drivers/STM32F4xx_HAL_Driver/Src/stm32f4xx_hal_rcc.c ****         tickstart = HAL_GetTick();
 659              		.loc 1 518 9 view .LVU220
 660              		.loc 1 518 21 is_stmt 0 view .LVU221
 661 02e6 FFF7FEFF 		bl	HAL_GetTick
 662              	.LVL42:
 663 02ea 0446     		mov	r4, r0
 664              	.LVL43:
 519:Drivers/STM32F4xx_HAL_Driver/Src/stm32f4xx_hal_rcc.c **** 
 520:Drivers/STM32F4xx_HAL_Driver/Src/stm32f4xx_hal_rcc.c ****         /* Wait till PLL is disabled */
 521:Drivers/STM32F4xx_HAL_Driver/Src/stm32f4xx_hal_rcc.c ****         while (__HAL_RCC_GET_FLAG(RCC_FLAG_PLLRDY) != RESET)
 665              		.loc 1 521 9 is_stmt 1 view .LVU222
 666              	.L50:
 667              		.loc 1 521 52 view .LVU223
 668              		.loc 1 521 16 is_stmt 0 view .LVU224
 669 02ec 414B     		ldr	r3, .L95
 670 02ee 1B68     		ldr	r3, [r3]
 671              		.loc 1 521 52 view .LVU225
 672 02f0 13F0007F 		tst	r3, #33554432
 673 02f4 42D0     		beq	.L90
 522:Drivers/STM32F4xx_HAL_Driver/Src/stm32f4xx_hal_rcc.c ****         {
ARM GAS  C:\Users\colle\AppData\Local\Temp\cchQjEtO.s 			page 23


 523:Drivers/STM32F4xx_HAL_Driver/Src/stm32f4xx_hal_rcc.c ****           if ((HAL_GetTick() - tickstart) > PLL_TIMEOUT_VALUE)
 674              		.loc 1 523 11 is_stmt 1 view .LVU226
 675              		.loc 1 523 16 is_stmt 0 view .LVU227
 676 02f6 FFF7FEFF 		bl	HAL_GetTick
 677              	.LVL44:
 678              		.loc 1 523 30 discriminator 1 view .LVU228
 679 02fa 001B     		subs	r0, r0, r4
 680              		.loc 1 523 14 discriminator 1 view .LVU229
 681 02fc 0228     		cmp	r0, #2
 682 02fe F5D9     		bls	.L50
 524:Drivers/STM32F4xx_HAL_Driver/Src/stm32f4xx_hal_rcc.c ****           {
 525:Drivers/STM32F4xx_HAL_Driver/Src/stm32f4xx_hal_rcc.c ****             return HAL_TIMEOUT;
 683              		.loc 1 525 20 view .LVU230
 684 0300 0320     		movs	r0, #3
 685 0302 69E0     		b	.L3
 686              	.LVL45:
 687              	.L88:
 688              	.LBB4:
 456:Drivers/STM32F4xx_HAL_Driver/Src/stm32f4xx_hal_rcc.c ****     }
 689              		.loc 1 456 7 is_stmt 1 view .LVU231
 690 0304 3B4A     		ldr	r2, .L95
 691 0306 136C     		ldr	r3, [r2, #64]
 692 0308 23F08053 		bic	r3, r3, #268435456
 693 030c 1364     		str	r3, [r2, #64]
 694 030e DBE7     		b	.L30
 695              	.LVL46:
 696              	.L89:
 456:Drivers/STM32F4xx_HAL_Driver/Src/stm32f4xx_hal_rcc.c ****     }
 697              		.loc 1 456 7 is_stmt 0 view .LVU232
 698              	.LBE4:
 470:Drivers/STM32F4xx_HAL_Driver/Src/stm32f4xx_hal_rcc.c ****         assert_param(IS_RCC_PLLM_VALUE(RCC_OscInitStruct->PLL.PLLM));
 699              		.loc 1 470 9 is_stmt 1 view .LVU233
 471:Drivers/STM32F4xx_HAL_Driver/Src/stm32f4xx_hal_rcc.c ****         assert_param(IS_RCC_PLLN_VALUE(RCC_OscInitStruct->PLL.PLLN));
 700              		.loc 1 471 9 view .LVU234
 472:Drivers/STM32F4xx_HAL_Driver/Src/stm32f4xx_hal_rcc.c ****         assert_param(IS_RCC_PLLP_VALUE(RCC_OscInitStruct->PLL.PLLP));
 701              		.loc 1 472 9 view .LVU235
 473:Drivers/STM32F4xx_HAL_Driver/Src/stm32f4xx_hal_rcc.c ****         assert_param(IS_RCC_PLLQ_VALUE(RCC_OscInitStruct->PLL.PLLQ));
 702              		.loc 1 473 9 view .LVU236
 474:Drivers/STM32F4xx_HAL_Driver/Src/stm32f4xx_hal_rcc.c **** 
 703              		.loc 1 474 9 view .LVU237
 477:Drivers/STM32F4xx_HAL_Driver/Src/stm32f4xx_hal_rcc.c **** 
 704              		.loc 1 477 9 view .LVU238
 705 0310 394B     		ldr	r3, .L95+4
 706 0312 0022     		movs	r2, #0
 707 0314 1A66     		str	r2, [r3, #96]
 480:Drivers/STM32F4xx_HAL_Driver/Src/stm32f4xx_hal_rcc.c **** 
 708              		.loc 1 480 9 view .LVU239
 480:Drivers/STM32F4xx_HAL_Driver/Src/stm32f4xx_hal_rcc.c **** 
 709              		.loc 1 480 21 is_stmt 0 view .LVU240
 710 0316 FFF7FEFF 		bl	HAL_GetTick
 711              	.LVL47:
 712 031a 0546     		mov	r5, r0
 713              	.LVL48:
 483:Drivers/STM32F4xx_HAL_Driver/Src/stm32f4xx_hal_rcc.c ****         {
 714              		.loc 1 483 9 is_stmt 1 view .LVU241
 715              	.L46:
 483:Drivers/STM32F4xx_HAL_Driver/Src/stm32f4xx_hal_rcc.c ****         {
ARM GAS  C:\Users\colle\AppData\Local\Temp\cchQjEtO.s 			page 24


 716              		.loc 1 483 52 view .LVU242
 483:Drivers/STM32F4xx_HAL_Driver/Src/stm32f4xx_hal_rcc.c ****         {
 717              		.loc 1 483 16 is_stmt 0 view .LVU243
 718 031c 354B     		ldr	r3, .L95
 719 031e 1B68     		ldr	r3, [r3]
 483:Drivers/STM32F4xx_HAL_Driver/Src/stm32f4xx_hal_rcc.c ****         {
 720              		.loc 1 483 52 view .LVU244
 721 0320 13F0007F 		tst	r3, #33554432
 722 0324 06D0     		beq	.L91
 485:Drivers/STM32F4xx_HAL_Driver/Src/stm32f4xx_hal_rcc.c ****           {
 723              		.loc 1 485 11 is_stmt 1 view .LVU245
 485:Drivers/STM32F4xx_HAL_Driver/Src/stm32f4xx_hal_rcc.c ****           {
 724              		.loc 1 485 16 is_stmt 0 view .LVU246
 725 0326 FFF7FEFF 		bl	HAL_GetTick
 726              	.LVL49:
 485:Drivers/STM32F4xx_HAL_Driver/Src/stm32f4xx_hal_rcc.c ****           {
 727              		.loc 1 485 30 discriminator 1 view .LVU247
 728 032a 401B     		subs	r0, r0, r5
 485:Drivers/STM32F4xx_HAL_Driver/Src/stm32f4xx_hal_rcc.c ****           {
 729              		.loc 1 485 14 discriminator 1 view .LVU248
 730 032c 0228     		cmp	r0, #2
 731 032e F5D9     		bls	.L46
 487:Drivers/STM32F4xx_HAL_Driver/Src/stm32f4xx_hal_rcc.c ****           }
 732              		.loc 1 487 20 view .LVU249
 733 0330 0320     		movs	r0, #3
 734 0332 51E0     		b	.L3
 735              	.L91:
 492:Drivers/STM32F4xx_HAL_Driver/Src/stm32f4xx_hal_rcc.c ****                                  RCC_OscInitStruct->PLL.PLLM                                       
 736              		.loc 1 492 9 is_stmt 1 view .LVU250
 737 0334 E369     		ldr	r3, [r4, #28]
 738 0336 226A     		ldr	r2, [r4, #32]
 739 0338 1343     		orrs	r3, r3, r2
 740 033a 626A     		ldr	r2, [r4, #36]
 741 033c 43EA8213 		orr	r3, r3, r2, lsl #6
 742 0340 A26A     		ldr	r2, [r4, #40]
 743 0342 5208     		lsrs	r2, r2, #1
 744 0344 013A     		subs	r2, r2, #1
 745 0346 43EA0243 		orr	r3, r3, r2, lsl #16
 746 034a E26A     		ldr	r2, [r4, #44]
 747 034c 43EA0263 		orr	r3, r3, r2, lsl #24
 748 0350 284A     		ldr	r2, .L95
 749 0352 5360     		str	r3, [r2, #4]
 498:Drivers/STM32F4xx_HAL_Driver/Src/stm32f4xx_hal_rcc.c **** 
 750              		.loc 1 498 9 view .LVU251
 751 0354 284B     		ldr	r3, .L95+4
 752 0356 0122     		movs	r2, #1
 753 0358 1A66     		str	r2, [r3, #96]
 501:Drivers/STM32F4xx_HAL_Driver/Src/stm32f4xx_hal_rcc.c **** 
 754              		.loc 1 501 9 view .LVU252
 501:Drivers/STM32F4xx_HAL_Driver/Src/stm32f4xx_hal_rcc.c **** 
 755              		.loc 1 501 21 is_stmt 0 view .LVU253
 756 035a FFF7FEFF 		bl	HAL_GetTick
 757              	.LVL50:
 758 035e 0446     		mov	r4, r0
 759              	.LVL51:
 504:Drivers/STM32F4xx_HAL_Driver/Src/stm32f4xx_hal_rcc.c ****         {
 760              		.loc 1 504 9 is_stmt 1 view .LVU254
ARM GAS  C:\Users\colle\AppData\Local\Temp\cchQjEtO.s 			page 25


 761              	.L48:
 504:Drivers/STM32F4xx_HAL_Driver/Src/stm32f4xx_hal_rcc.c ****         {
 762              		.loc 1 504 52 view .LVU255
 504:Drivers/STM32F4xx_HAL_Driver/Src/stm32f4xx_hal_rcc.c ****         {
 763              		.loc 1 504 16 is_stmt 0 view .LVU256
 764 0360 244B     		ldr	r3, .L95
 765 0362 1B68     		ldr	r3, [r3]
 504:Drivers/STM32F4xx_HAL_Driver/Src/stm32f4xx_hal_rcc.c ****         {
 766              		.loc 1 504 52 view .LVU257
 767 0364 13F0007F 		tst	r3, #33554432
 768 0368 06D1     		bne	.L92
 506:Drivers/STM32F4xx_HAL_Driver/Src/stm32f4xx_hal_rcc.c ****           {
 769              		.loc 1 506 11 is_stmt 1 view .LVU258
 506:Drivers/STM32F4xx_HAL_Driver/Src/stm32f4xx_hal_rcc.c ****           {
 770              		.loc 1 506 16 is_stmt 0 view .LVU259
 771 036a FFF7FEFF 		bl	HAL_GetTick
 772              	.LVL52:
 506:Drivers/STM32F4xx_HAL_Driver/Src/stm32f4xx_hal_rcc.c ****           {
 773              		.loc 1 506 30 discriminator 1 view .LVU260
 774 036e 001B     		subs	r0, r0, r4
 506:Drivers/STM32F4xx_HAL_Driver/Src/stm32f4xx_hal_rcc.c ****           {
 775              		.loc 1 506 14 discriminator 1 view .LVU261
 776 0370 0228     		cmp	r0, #2
 777 0372 F5D9     		bls	.L48
 508:Drivers/STM32F4xx_HAL_Driver/Src/stm32f4xx_hal_rcc.c ****           }
 778              		.loc 1 508 20 view .LVU262
 779 0374 0320     		movs	r0, #3
 780 0376 2FE0     		b	.L3
 781              	.L92:
 526:Drivers/STM32F4xx_HAL_Driver/Src/stm32f4xx_hal_rcc.c ****           }
 527:Drivers/STM32F4xx_HAL_Driver/Src/stm32f4xx_hal_rcc.c ****         }
 528:Drivers/STM32F4xx_HAL_Driver/Src/stm32f4xx_hal_rcc.c ****       }
 529:Drivers/STM32F4xx_HAL_Driver/Src/stm32f4xx_hal_rcc.c ****     }
 530:Drivers/STM32F4xx_HAL_Driver/Src/stm32f4xx_hal_rcc.c ****     else
 531:Drivers/STM32F4xx_HAL_Driver/Src/stm32f4xx_hal_rcc.c ****     {
 532:Drivers/STM32F4xx_HAL_Driver/Src/stm32f4xx_hal_rcc.c ****       /* Check if there is a request to disable the PLL used as System clock source */
 533:Drivers/STM32F4xx_HAL_Driver/Src/stm32f4xx_hal_rcc.c ****       if ((RCC_OscInitStruct->PLL.PLLState) == RCC_PLL_OFF)
 534:Drivers/STM32F4xx_HAL_Driver/Src/stm32f4xx_hal_rcc.c ****       {
 535:Drivers/STM32F4xx_HAL_Driver/Src/stm32f4xx_hal_rcc.c ****         return HAL_ERROR;
 536:Drivers/STM32F4xx_HAL_Driver/Src/stm32f4xx_hal_rcc.c ****       }
 537:Drivers/STM32F4xx_HAL_Driver/Src/stm32f4xx_hal_rcc.c ****       else
 538:Drivers/STM32F4xx_HAL_Driver/Src/stm32f4xx_hal_rcc.c ****       {
 539:Drivers/STM32F4xx_HAL_Driver/Src/stm32f4xx_hal_rcc.c ****         /* Do not return HAL_ERROR if request repeats the current configuration */
 540:Drivers/STM32F4xx_HAL_Driver/Src/stm32f4xx_hal_rcc.c ****         pll_config = RCC->PLLCFGR;
 541:Drivers/STM32F4xx_HAL_Driver/Src/stm32f4xx_hal_rcc.c **** #if defined (RCC_PLLCFGR_PLLR)
 542:Drivers/STM32F4xx_HAL_Driver/Src/stm32f4xx_hal_rcc.c ****         if (((RCC_OscInitStruct->PLL.PLLState) == RCC_PLL_OFF) ||
 543:Drivers/STM32F4xx_HAL_Driver/Src/stm32f4xx_hal_rcc.c ****             (READ_BIT(pll_config, RCC_PLLCFGR_PLLSRC) != RCC_OscInitStruct->PLL.PLLSource) ||
 544:Drivers/STM32F4xx_HAL_Driver/Src/stm32f4xx_hal_rcc.c ****             (READ_BIT(pll_config, RCC_PLLCFGR_PLLM) != (RCC_OscInitStruct->PLL.PLLM) << RCC_PLLCFGR
 545:Drivers/STM32F4xx_HAL_Driver/Src/stm32f4xx_hal_rcc.c ****             (READ_BIT(pll_config, RCC_PLLCFGR_PLLN) != (RCC_OscInitStruct->PLL.PLLN) << RCC_PLLCFGR
 546:Drivers/STM32F4xx_HAL_Driver/Src/stm32f4xx_hal_rcc.c ****             (READ_BIT(pll_config, RCC_PLLCFGR_PLLP) != (((RCC_OscInitStruct->PLL.PLLP >> 1U) - 1U))
 547:Drivers/STM32F4xx_HAL_Driver/Src/stm32f4xx_hal_rcc.c ****             (READ_BIT(pll_config, RCC_PLLCFGR_PLLQ) != (RCC_OscInitStruct->PLL.PLLQ << RCC_PLLCFGR_
 548:Drivers/STM32F4xx_HAL_Driver/Src/stm32f4xx_hal_rcc.c ****             (READ_BIT(pll_config, RCC_PLLCFGR_PLLR) != (RCC_OscInitStruct->PLL.PLLR << RCC_PLLCFGR_
 549:Drivers/STM32F4xx_HAL_Driver/Src/stm32f4xx_hal_rcc.c **** #else
 550:Drivers/STM32F4xx_HAL_Driver/Src/stm32f4xx_hal_rcc.c ****         if (((RCC_OscInitStruct->PLL.PLLState) == RCC_PLL_OFF) ||
 551:Drivers/STM32F4xx_HAL_Driver/Src/stm32f4xx_hal_rcc.c ****             (READ_BIT(pll_config, RCC_PLLCFGR_PLLSRC) != RCC_OscInitStruct->PLL.PLLSource) ||
 552:Drivers/STM32F4xx_HAL_Driver/Src/stm32f4xx_hal_rcc.c ****             (READ_BIT(pll_config, RCC_PLLCFGR_PLLM) != (RCC_OscInitStruct->PLL.PLLM) << RCC_PLLCFGR
 553:Drivers/STM32F4xx_HAL_Driver/Src/stm32f4xx_hal_rcc.c ****             (READ_BIT(pll_config, RCC_PLLCFGR_PLLN) != (RCC_OscInitStruct->PLL.PLLN) << RCC_PLLCFGR
ARM GAS  C:\Users\colle\AppData\Local\Temp\cchQjEtO.s 			page 26


 554:Drivers/STM32F4xx_HAL_Driver/Src/stm32f4xx_hal_rcc.c ****             (READ_BIT(pll_config, RCC_PLLCFGR_PLLP) != (((RCC_OscInitStruct->PLL.PLLP >> 1U) - 1U))
 555:Drivers/STM32F4xx_HAL_Driver/Src/stm32f4xx_hal_rcc.c ****             (READ_BIT(pll_config, RCC_PLLCFGR_PLLQ) != (RCC_OscInitStruct->PLL.PLLQ << RCC_PLLCFGR_
 556:Drivers/STM32F4xx_HAL_Driver/Src/stm32f4xx_hal_rcc.c **** #endif /* RCC_PLLCFGR_PLLR */
 557:Drivers/STM32F4xx_HAL_Driver/Src/stm32f4xx_hal_rcc.c ****         {
 558:Drivers/STM32F4xx_HAL_Driver/Src/stm32f4xx_hal_rcc.c ****           return HAL_ERROR;
 559:Drivers/STM32F4xx_HAL_Driver/Src/stm32f4xx_hal_rcc.c ****         }
 560:Drivers/STM32F4xx_HAL_Driver/Src/stm32f4xx_hal_rcc.c ****       }
 561:Drivers/STM32F4xx_HAL_Driver/Src/stm32f4xx_hal_rcc.c ****     }
 562:Drivers/STM32F4xx_HAL_Driver/Src/stm32f4xx_hal_rcc.c ****   }
 563:Drivers/STM32F4xx_HAL_Driver/Src/stm32f4xx_hal_rcc.c ****   return HAL_OK;
 782              		.loc 1 563 10 view .LVU263
 783 0378 0020     		movs	r0, #0
 784 037a 2DE0     		b	.L3
 785              	.L90:
 786              		.loc 1 563 10 view .LVU264
 787 037c 0020     		movs	r0, #0
 788 037e 2BE0     		b	.L3
 789              	.LVL53:
 790              	.L44:
 533:Drivers/STM32F4xx_HAL_Driver/Src/stm32f4xx_hal_rcc.c ****       {
 791              		.loc 1 533 7 is_stmt 1 view .LVU265
 533:Drivers/STM32F4xx_HAL_Driver/Src/stm32f4xx_hal_rcc.c ****       {
 792              		.loc 1 533 10 is_stmt 0 view .LVU266
 793 0380 012B     		cmp	r3, #1
 794 0382 2BD0     		beq	.L69
 540:Drivers/STM32F4xx_HAL_Driver/Src/stm32f4xx_hal_rcc.c **** #if defined (RCC_PLLCFGR_PLLR)
 795              		.loc 1 540 9 is_stmt 1 view .LVU267
 540:Drivers/STM32F4xx_HAL_Driver/Src/stm32f4xx_hal_rcc.c **** #if defined (RCC_PLLCFGR_PLLR)
 796              		.loc 1 540 20 is_stmt 0 view .LVU268
 797 0384 1B4B     		ldr	r3, .L95
 798 0386 5B68     		ldr	r3, [r3, #4]
 799              	.LVL54:
 550:Drivers/STM32F4xx_HAL_Driver/Src/stm32f4xx_hal_rcc.c ****             (READ_BIT(pll_config, RCC_PLLCFGR_PLLSRC) != RCC_OscInitStruct->PLL.PLLSource) ||
 800              		.loc 1 550 9 is_stmt 1 view .LVU269
 551:Drivers/STM32F4xx_HAL_Driver/Src/stm32f4xx_hal_rcc.c ****             (READ_BIT(pll_config, RCC_PLLCFGR_PLLM) != (RCC_OscInitStruct->PLL.PLLM) << RCC_PLLCFGR
 801              		.loc 1 551 14 is_stmt 0 view .LVU270
 802 0388 03F48001 		and	r1, r3, #4194304
 551:Drivers/STM32F4xx_HAL_Driver/Src/stm32f4xx_hal_rcc.c ****             (READ_BIT(pll_config, RCC_PLLCFGR_PLLM) != (RCC_OscInitStruct->PLL.PLLM) << RCC_PLLCFGR
 803              		.loc 1 551 80 view .LVU271
 804 038c E269     		ldr	r2, [r4, #28]
 550:Drivers/STM32F4xx_HAL_Driver/Src/stm32f4xx_hal_rcc.c ****             (READ_BIT(pll_config, RCC_PLLCFGR_PLLSRC) != RCC_OscInitStruct->PLL.PLLSource) ||
 805              		.loc 1 550 64 discriminator 1 view .LVU272
 806 038e 9142     		cmp	r1, r2
 807 0390 26D1     		bne	.L70
 552:Drivers/STM32F4xx_HAL_Driver/Src/stm32f4xx_hal_rcc.c ****             (READ_BIT(pll_config, RCC_PLLCFGR_PLLN) != (RCC_OscInitStruct->PLL.PLLN) << RCC_PLLCFGR
 808              		.loc 1 552 14 view .LVU273
 809 0392 03F03F02 		and	r2, r3, #63
 552:Drivers/STM32F4xx_HAL_Driver/Src/stm32f4xx_hal_rcc.c ****             (READ_BIT(pll_config, RCC_PLLCFGR_PLLN) != (RCC_OscInitStruct->PLL.PLLN) << RCC_PLLCFGR
 810              		.loc 1 552 79 view .LVU274
 811 0396 216A     		ldr	r1, [r4, #32]
 551:Drivers/STM32F4xx_HAL_Driver/Src/stm32f4xx_hal_rcc.c ****             (READ_BIT(pll_config, RCC_PLLCFGR_PLLM) != (RCC_OscInitStruct->PLL.PLLM) << RCC_PLLCFGR
 812              		.loc 1 551 92 view .LVU275
 813 0398 8A42     		cmp	r2, r1
 814 039a 23D1     		bne	.L71
 553:Drivers/STM32F4xx_HAL_Driver/Src/stm32f4xx_hal_rcc.c ****             (READ_BIT(pll_config, RCC_PLLCFGR_PLLP) != (((RCC_OscInitStruct->PLL.PLLP >> 1U) - 1U))
 815              		.loc 1 553 79 view .LVU276
 816 039c 616A     		ldr	r1, [r4, #36]
ARM GAS  C:\Users\colle\AppData\Local\Temp\cchQjEtO.s 			page 27


 552:Drivers/STM32F4xx_HAL_Driver/Src/stm32f4xx_hal_rcc.c ****             (READ_BIT(pll_config, RCC_PLLCFGR_PLLN) != (RCC_OscInitStruct->PLL.PLLN) << RCC_PLLCFGR
 817              		.loc 1 552 111 view .LVU277
 818 039e 47F6C072 		movw	r2, #32704
 819 03a2 1A40     		ands	r2, r2, r3
 820 03a4 B2EB811F 		cmp	r2, r1, lsl #6
 821 03a8 1ED1     		bne	.L72
 554:Drivers/STM32F4xx_HAL_Driver/Src/stm32f4xx_hal_rcc.c ****             (READ_BIT(pll_config, RCC_PLLCFGR_PLLQ) != (RCC_OscInitStruct->PLL.PLLQ << RCC_PLLCFGR_
 822              		.loc 1 554 14 view .LVU278
 823 03aa 03F44031 		and	r1, r3, #196608
 554:Drivers/STM32F4xx_HAL_Driver/Src/stm32f4xx_hal_rcc.c ****             (READ_BIT(pll_config, RCC_PLLCFGR_PLLQ) != (RCC_OscInitStruct->PLL.PLLQ << RCC_PLLCFGR_
 824              		.loc 1 554 81 view .LVU279
 825 03ae A26A     		ldr	r2, [r4, #40]
 554:Drivers/STM32F4xx_HAL_Driver/Src/stm32f4xx_hal_rcc.c ****             (READ_BIT(pll_config, RCC_PLLCFGR_PLLQ) != (RCC_OscInitStruct->PLL.PLLQ << RCC_PLLCFGR_
 826              		.loc 1 554 87 view .LVU280
 827 03b0 5208     		lsrs	r2, r2, #1
 554:Drivers/STM32F4xx_HAL_Driver/Src/stm32f4xx_hal_rcc.c ****             (READ_BIT(pll_config, RCC_PLLCFGR_PLLQ) != (RCC_OscInitStruct->PLL.PLLQ << RCC_PLLCFGR_
 828              		.loc 1 554 94 view .LVU281
 829 03b2 013A     		subs	r2, r2, #1
 553:Drivers/STM32F4xx_HAL_Driver/Src/stm32f4xx_hal_rcc.c ****             (READ_BIT(pll_config, RCC_PLLCFGR_PLLP) != (((RCC_OscInitStruct->PLL.PLLP >> 1U) - 1U))
 830              		.loc 1 553 111 view .LVU282
 831 03b4 B1EB024F 		cmp	r1, r2, lsl #16
 832 03b8 18D1     		bne	.L73
 555:Drivers/STM32F4xx_HAL_Driver/Src/stm32f4xx_hal_rcc.c **** #endif /* RCC_PLLCFGR_PLLR */
 833              		.loc 1 555 14 view .LVU283
 834 03ba 03F07063 		and	r3, r3, #251658240
 835              	.LVL55:
 555:Drivers/STM32F4xx_HAL_Driver/Src/stm32f4xx_hal_rcc.c **** #endif /* RCC_PLLCFGR_PLLR */
 836              		.loc 1 555 79 view .LVU284
 837 03be E26A     		ldr	r2, [r4, #44]
 554:Drivers/STM32F4xx_HAL_Driver/Src/stm32f4xx_hal_rcc.c ****             (READ_BIT(pll_config, RCC_PLLCFGR_PLLQ) != (RCC_OscInitStruct->PLL.PLLQ << RCC_PLLCFGR_
 838              		.loc 1 554 126 view .LVU285
 839 03c0 B3EB026F 		cmp	r3, r2, lsl #24
 840 03c4 14D1     		bne	.L74
 841              		.loc 1 563 10 view .LVU286
 842 03c6 0020     		movs	r0, #0
 843 03c8 06E0     		b	.L3
 844              	.LVL56:
 845              	.L52:
 846              		.cfi_def_cfa_offset 0
 847              		.cfi_restore 4
 848              		.cfi_restore 5
 849              		.cfi_restore 6
 850              		.cfi_restore 14
 226:Drivers/STM32F4xx_HAL_Driver/Src/stm32f4xx_hal_rcc.c ****   }
 851              		.loc 1 226 12 view .LVU287
 852 03ca 0120     		movs	r0, #1
 853              	.LVL57:
 564:Drivers/STM32F4xx_HAL_Driver/Src/stm32f4xx_hal_rcc.c **** }
 854              		.loc 1 564 1 view .LVU288
 855 03cc 7047     		bx	lr
 856              	.LVL58:
 857              	.L82:
 858              		.cfi_def_cfa_offset 24
 859              		.cfi_offset 4, -16
 860              		.cfi_offset 5, -12
 861              		.cfi_offset 6, -8
 862              		.cfi_offset 14, -4
ARM GAS  C:\Users\colle\AppData\Local\Temp\cchQjEtO.s 			page 28


 242:Drivers/STM32F4xx_HAL_Driver/Src/stm32f4xx_hal_rcc.c ****       }
 863              		.loc 1 242 16 view .LVU289
 864 03ce 0120     		movs	r0, #1
 865              	.LVL59:
 242:Drivers/STM32F4xx_HAL_Driver/Src/stm32f4xx_hal_rcc.c ****       }
 866              		.loc 1 242 16 view .LVU290
 867 03d0 02E0     		b	.L3
 868              	.L56:
 295:Drivers/STM32F4xx_HAL_Driver/Src/stm32f4xx_hal_rcc.c ****       }
 869              		.loc 1 295 16 view .LVU291
 870 03d2 0120     		movs	r0, #1
 871 03d4 00E0     		b	.L3
 872              	.L65:
 563:Drivers/STM32F4xx_HAL_Driver/Src/stm32f4xx_hal_rcc.c **** }
 873              		.loc 1 563 10 view .LVU292
 874 03d6 1846     		mov	r0, r3
 875              	.LVL60:
 876              	.L3:
 877              		.loc 1 564 1 view .LVU293
 878 03d8 02B0     		add	sp, sp, #8
 879              		.cfi_remember_state
 880              		.cfi_def_cfa_offset 16
 881              		@ sp needed
 882 03da 70BD     		pop	{r4, r5, r6, pc}
 883              	.LVL61:
 884              	.L69:
 885              		.cfi_restore_state
 535:Drivers/STM32F4xx_HAL_Driver/Src/stm32f4xx_hal_rcc.c ****       }
 886              		.loc 1 535 16 view .LVU294
 887 03dc 0120     		movs	r0, #1
 888 03de FBE7     		b	.L3
 889              	.LVL62:
 890              	.L70:
 558:Drivers/STM32F4xx_HAL_Driver/Src/stm32f4xx_hal_rcc.c ****         }
 891              		.loc 1 558 18 view .LVU295
 892 03e0 0120     		movs	r0, #1
 893 03e2 F9E7     		b	.L3
 894              	.L71:
 895 03e4 0120     		movs	r0, #1
 896 03e6 F7E7     		b	.L3
 897              	.L72:
 898 03e8 0120     		movs	r0, #1
 899 03ea F5E7     		b	.L3
 900              	.L73:
 901 03ec 0120     		movs	r0, #1
 902 03ee F3E7     		b	.L3
 903              	.LVL63:
 904              	.L74:
 558:Drivers/STM32F4xx_HAL_Driver/Src/stm32f4xx_hal_rcc.c ****         }
 905              		.loc 1 558 18 view .LVU296
 906 03f0 0120     		movs	r0, #1
 907 03f2 F1E7     		b	.L3
 908              	.L96:
 909              		.align	2
 910              	.L95:
 911 03f4 00380240 		.word	1073887232
 912 03f8 00004742 		.word	1111949312
ARM GAS  C:\Users\colle\AppData\Local\Temp\cchQjEtO.s 			page 29


 913              		.cfi_endproc
 914              	.LFE135:
 916              		.section	.text.HAL_RCC_MCOConfig,"ax",%progbits
 917              		.align	1
 918              		.global	HAL_RCC_MCOConfig
 919              		.syntax unified
 920              		.thumb
 921              		.thumb_func
 923              	HAL_RCC_MCOConfig:
 924              	.LVL64:
 925              	.LFB137:
 565:Drivers/STM32F4xx_HAL_Driver/Src/stm32f4xx_hal_rcc.c **** 
 566:Drivers/STM32F4xx_HAL_Driver/Src/stm32f4xx_hal_rcc.c **** /**
 567:Drivers/STM32F4xx_HAL_Driver/Src/stm32f4xx_hal_rcc.c ****   * @brief  Initializes the CPU, AHB and APB busses clocks according to the specified
 568:Drivers/STM32F4xx_HAL_Driver/Src/stm32f4xx_hal_rcc.c ****   *         parameters in the RCC_ClkInitStruct.
 569:Drivers/STM32F4xx_HAL_Driver/Src/stm32f4xx_hal_rcc.c ****   * @param  RCC_ClkInitStruct pointer to an RCC_OscInitTypeDef structure that
 570:Drivers/STM32F4xx_HAL_Driver/Src/stm32f4xx_hal_rcc.c ****   *         contains the configuration information for the RCC peripheral.
 571:Drivers/STM32F4xx_HAL_Driver/Src/stm32f4xx_hal_rcc.c ****   * @param  FLatency FLASH Latency, this parameter depend on device selected
 572:Drivers/STM32F4xx_HAL_Driver/Src/stm32f4xx_hal_rcc.c ****   *
 573:Drivers/STM32F4xx_HAL_Driver/Src/stm32f4xx_hal_rcc.c ****   * @note   The SystemCoreClock CMSIS variable is used to store System Clock Frequency
 574:Drivers/STM32F4xx_HAL_Driver/Src/stm32f4xx_hal_rcc.c ****   *         and updated by HAL_RCC_GetHCLKFreq() function called within this function
 575:Drivers/STM32F4xx_HAL_Driver/Src/stm32f4xx_hal_rcc.c ****   *
 576:Drivers/STM32F4xx_HAL_Driver/Src/stm32f4xx_hal_rcc.c ****   * @note   The HSI is used (enabled by hardware) as system clock source after
 577:Drivers/STM32F4xx_HAL_Driver/Src/stm32f4xx_hal_rcc.c ****   *         startup from Reset, wake-up from STOP and STANDBY mode, or in case
 578:Drivers/STM32F4xx_HAL_Driver/Src/stm32f4xx_hal_rcc.c ****   *         of failure of the HSE used directly or indirectly as system clock
 579:Drivers/STM32F4xx_HAL_Driver/Src/stm32f4xx_hal_rcc.c ****   *         (if the Clock Security System CSS is enabled).
 580:Drivers/STM32F4xx_HAL_Driver/Src/stm32f4xx_hal_rcc.c ****   *
 581:Drivers/STM32F4xx_HAL_Driver/Src/stm32f4xx_hal_rcc.c ****   * @note   A switch from one clock source to another occurs only if the target
 582:Drivers/STM32F4xx_HAL_Driver/Src/stm32f4xx_hal_rcc.c ****   *         clock source is ready (clock stable after startup delay or PLL locked).
 583:Drivers/STM32F4xx_HAL_Driver/Src/stm32f4xx_hal_rcc.c ****   *         If a clock source which is not yet ready is selected, the switch will
 584:Drivers/STM32F4xx_HAL_Driver/Src/stm32f4xx_hal_rcc.c ****   *         occur when the clock source will be ready.
 585:Drivers/STM32F4xx_HAL_Driver/Src/stm32f4xx_hal_rcc.c ****   *
 586:Drivers/STM32F4xx_HAL_Driver/Src/stm32f4xx_hal_rcc.c ****   * @note   Depending on the device voltage range, the software has to set correctly
 587:Drivers/STM32F4xx_HAL_Driver/Src/stm32f4xx_hal_rcc.c ****   *         HPRE[3:0] bits to ensure that HCLK not exceed the maximum allowed frequency
 588:Drivers/STM32F4xx_HAL_Driver/Src/stm32f4xx_hal_rcc.c ****   *         (for more details refer to section above "Initialization/de-initialization functions")
 589:Drivers/STM32F4xx_HAL_Driver/Src/stm32f4xx_hal_rcc.c ****   * @retval None
 590:Drivers/STM32F4xx_HAL_Driver/Src/stm32f4xx_hal_rcc.c ****   */
 591:Drivers/STM32F4xx_HAL_Driver/Src/stm32f4xx_hal_rcc.c **** HAL_StatusTypeDef HAL_RCC_ClockConfig(const RCC_ClkInitTypeDef  *RCC_ClkInitStruct, uint32_t FLaten
 592:Drivers/STM32F4xx_HAL_Driver/Src/stm32f4xx_hal_rcc.c **** {
 593:Drivers/STM32F4xx_HAL_Driver/Src/stm32f4xx_hal_rcc.c ****   uint32_t tickstart;
 594:Drivers/STM32F4xx_HAL_Driver/Src/stm32f4xx_hal_rcc.c **** 
 595:Drivers/STM32F4xx_HAL_Driver/Src/stm32f4xx_hal_rcc.c ****   /* Check Null pointer */
 596:Drivers/STM32F4xx_HAL_Driver/Src/stm32f4xx_hal_rcc.c ****   if (RCC_ClkInitStruct == NULL)
 597:Drivers/STM32F4xx_HAL_Driver/Src/stm32f4xx_hal_rcc.c ****   {
 598:Drivers/STM32F4xx_HAL_Driver/Src/stm32f4xx_hal_rcc.c ****     return HAL_ERROR;
 599:Drivers/STM32F4xx_HAL_Driver/Src/stm32f4xx_hal_rcc.c ****   }
 600:Drivers/STM32F4xx_HAL_Driver/Src/stm32f4xx_hal_rcc.c **** 
 601:Drivers/STM32F4xx_HAL_Driver/Src/stm32f4xx_hal_rcc.c ****   /* Check the parameters */
 602:Drivers/STM32F4xx_HAL_Driver/Src/stm32f4xx_hal_rcc.c ****   assert_param(IS_RCC_CLOCKTYPE(RCC_ClkInitStruct->ClockType));
 603:Drivers/STM32F4xx_HAL_Driver/Src/stm32f4xx_hal_rcc.c ****   assert_param(IS_FLASH_LATENCY(FLatency));
 604:Drivers/STM32F4xx_HAL_Driver/Src/stm32f4xx_hal_rcc.c **** 
 605:Drivers/STM32F4xx_HAL_Driver/Src/stm32f4xx_hal_rcc.c ****   /* To correctly read data from FLASH memory, the number of wait states (LATENCY)
 606:Drivers/STM32F4xx_HAL_Driver/Src/stm32f4xx_hal_rcc.c ****     must be correctly programmed according to the frequency of the CPU clock
 607:Drivers/STM32F4xx_HAL_Driver/Src/stm32f4xx_hal_rcc.c ****     (HCLK) and the supply voltage of the device. */
 608:Drivers/STM32F4xx_HAL_Driver/Src/stm32f4xx_hal_rcc.c **** 
 609:Drivers/STM32F4xx_HAL_Driver/Src/stm32f4xx_hal_rcc.c ****   /* Increasing the number of wait states because of higher CPU frequency */
 610:Drivers/STM32F4xx_HAL_Driver/Src/stm32f4xx_hal_rcc.c ****   if (FLatency > __HAL_FLASH_GET_LATENCY())
ARM GAS  C:\Users\colle\AppData\Local\Temp\cchQjEtO.s 			page 30


 611:Drivers/STM32F4xx_HAL_Driver/Src/stm32f4xx_hal_rcc.c ****   {
 612:Drivers/STM32F4xx_HAL_Driver/Src/stm32f4xx_hal_rcc.c ****     /* Program the new number of wait states to the LATENCY bits in the FLASH_ACR register */
 613:Drivers/STM32F4xx_HAL_Driver/Src/stm32f4xx_hal_rcc.c ****     __HAL_FLASH_SET_LATENCY(FLatency);
 614:Drivers/STM32F4xx_HAL_Driver/Src/stm32f4xx_hal_rcc.c **** 
 615:Drivers/STM32F4xx_HAL_Driver/Src/stm32f4xx_hal_rcc.c ****     /* Check that the new number of wait states is taken into account to access the Flash
 616:Drivers/STM32F4xx_HAL_Driver/Src/stm32f4xx_hal_rcc.c ****     memory by reading the FLASH_ACR register */
 617:Drivers/STM32F4xx_HAL_Driver/Src/stm32f4xx_hal_rcc.c ****     if (__HAL_FLASH_GET_LATENCY() != FLatency)
 618:Drivers/STM32F4xx_HAL_Driver/Src/stm32f4xx_hal_rcc.c ****     {
 619:Drivers/STM32F4xx_HAL_Driver/Src/stm32f4xx_hal_rcc.c ****       return HAL_ERROR;
 620:Drivers/STM32F4xx_HAL_Driver/Src/stm32f4xx_hal_rcc.c ****     }
 621:Drivers/STM32F4xx_HAL_Driver/Src/stm32f4xx_hal_rcc.c ****   }
 622:Drivers/STM32F4xx_HAL_Driver/Src/stm32f4xx_hal_rcc.c **** 
 623:Drivers/STM32F4xx_HAL_Driver/Src/stm32f4xx_hal_rcc.c ****   /*-------------------------- HCLK Configuration --------------------------*/
 624:Drivers/STM32F4xx_HAL_Driver/Src/stm32f4xx_hal_rcc.c ****   if (((RCC_ClkInitStruct->ClockType) & RCC_CLOCKTYPE_HCLK) == RCC_CLOCKTYPE_HCLK)
 625:Drivers/STM32F4xx_HAL_Driver/Src/stm32f4xx_hal_rcc.c ****   {
 626:Drivers/STM32F4xx_HAL_Driver/Src/stm32f4xx_hal_rcc.c ****     /* Set the highest APBx dividers in order to ensure that we do not go through
 627:Drivers/STM32F4xx_HAL_Driver/Src/stm32f4xx_hal_rcc.c ****        a non-spec phase whatever we decrease or increase HCLK. */
 628:Drivers/STM32F4xx_HAL_Driver/Src/stm32f4xx_hal_rcc.c ****     if (((RCC_ClkInitStruct->ClockType) & RCC_CLOCKTYPE_PCLK1) == RCC_CLOCKTYPE_PCLK1)
 629:Drivers/STM32F4xx_HAL_Driver/Src/stm32f4xx_hal_rcc.c ****     {
 630:Drivers/STM32F4xx_HAL_Driver/Src/stm32f4xx_hal_rcc.c ****       MODIFY_REG(RCC->CFGR, RCC_CFGR_PPRE1, RCC_HCLK_DIV16);
 631:Drivers/STM32F4xx_HAL_Driver/Src/stm32f4xx_hal_rcc.c ****     }
 632:Drivers/STM32F4xx_HAL_Driver/Src/stm32f4xx_hal_rcc.c **** 
 633:Drivers/STM32F4xx_HAL_Driver/Src/stm32f4xx_hal_rcc.c ****     if (((RCC_ClkInitStruct->ClockType) & RCC_CLOCKTYPE_PCLK2) == RCC_CLOCKTYPE_PCLK2)
 634:Drivers/STM32F4xx_HAL_Driver/Src/stm32f4xx_hal_rcc.c ****     {
 635:Drivers/STM32F4xx_HAL_Driver/Src/stm32f4xx_hal_rcc.c ****       MODIFY_REG(RCC->CFGR, RCC_CFGR_PPRE2, (RCC_HCLK_DIV16 << 3));
 636:Drivers/STM32F4xx_HAL_Driver/Src/stm32f4xx_hal_rcc.c ****     }
 637:Drivers/STM32F4xx_HAL_Driver/Src/stm32f4xx_hal_rcc.c **** 
 638:Drivers/STM32F4xx_HAL_Driver/Src/stm32f4xx_hal_rcc.c ****     assert_param(IS_RCC_HCLK(RCC_ClkInitStruct->AHBCLKDivider));
 639:Drivers/STM32F4xx_HAL_Driver/Src/stm32f4xx_hal_rcc.c ****     MODIFY_REG(RCC->CFGR, RCC_CFGR_HPRE, RCC_ClkInitStruct->AHBCLKDivider);
 640:Drivers/STM32F4xx_HAL_Driver/Src/stm32f4xx_hal_rcc.c ****   }
 641:Drivers/STM32F4xx_HAL_Driver/Src/stm32f4xx_hal_rcc.c **** 
 642:Drivers/STM32F4xx_HAL_Driver/Src/stm32f4xx_hal_rcc.c ****   /*------------------------- SYSCLK Configuration ---------------------------*/
 643:Drivers/STM32F4xx_HAL_Driver/Src/stm32f4xx_hal_rcc.c ****   if (((RCC_ClkInitStruct->ClockType) & RCC_CLOCKTYPE_SYSCLK) == RCC_CLOCKTYPE_SYSCLK)
 644:Drivers/STM32F4xx_HAL_Driver/Src/stm32f4xx_hal_rcc.c ****   {
 645:Drivers/STM32F4xx_HAL_Driver/Src/stm32f4xx_hal_rcc.c ****     assert_param(IS_RCC_SYSCLKSOURCE(RCC_ClkInitStruct->SYSCLKSource));
 646:Drivers/STM32F4xx_HAL_Driver/Src/stm32f4xx_hal_rcc.c **** 
 647:Drivers/STM32F4xx_HAL_Driver/Src/stm32f4xx_hal_rcc.c ****     /* HSE is selected as System Clock Source */
 648:Drivers/STM32F4xx_HAL_Driver/Src/stm32f4xx_hal_rcc.c ****     if (RCC_ClkInitStruct->SYSCLKSource == RCC_SYSCLKSOURCE_HSE)
 649:Drivers/STM32F4xx_HAL_Driver/Src/stm32f4xx_hal_rcc.c ****     {
 650:Drivers/STM32F4xx_HAL_Driver/Src/stm32f4xx_hal_rcc.c ****       /* Check the HSE ready flag */
 651:Drivers/STM32F4xx_HAL_Driver/Src/stm32f4xx_hal_rcc.c ****       if (__HAL_RCC_GET_FLAG(RCC_FLAG_HSERDY) == RESET)
 652:Drivers/STM32F4xx_HAL_Driver/Src/stm32f4xx_hal_rcc.c ****       {
 653:Drivers/STM32F4xx_HAL_Driver/Src/stm32f4xx_hal_rcc.c ****         return HAL_ERROR;
 654:Drivers/STM32F4xx_HAL_Driver/Src/stm32f4xx_hal_rcc.c ****       }
 655:Drivers/STM32F4xx_HAL_Driver/Src/stm32f4xx_hal_rcc.c ****     }
 656:Drivers/STM32F4xx_HAL_Driver/Src/stm32f4xx_hal_rcc.c ****     /* PLL is selected as System Clock Source */
 657:Drivers/STM32F4xx_HAL_Driver/Src/stm32f4xx_hal_rcc.c ****     else if ((RCC_ClkInitStruct->SYSCLKSource == RCC_SYSCLKSOURCE_PLLCLK)   ||
 658:Drivers/STM32F4xx_HAL_Driver/Src/stm32f4xx_hal_rcc.c ****              (RCC_ClkInitStruct->SYSCLKSource == RCC_SYSCLKSOURCE_PLLRCLK))
 659:Drivers/STM32F4xx_HAL_Driver/Src/stm32f4xx_hal_rcc.c ****     {
 660:Drivers/STM32F4xx_HAL_Driver/Src/stm32f4xx_hal_rcc.c ****       /* Check the PLL ready flag */
 661:Drivers/STM32F4xx_HAL_Driver/Src/stm32f4xx_hal_rcc.c ****       if (__HAL_RCC_GET_FLAG(RCC_FLAG_PLLRDY) == RESET)
 662:Drivers/STM32F4xx_HAL_Driver/Src/stm32f4xx_hal_rcc.c ****       {
 663:Drivers/STM32F4xx_HAL_Driver/Src/stm32f4xx_hal_rcc.c ****         return HAL_ERROR;
 664:Drivers/STM32F4xx_HAL_Driver/Src/stm32f4xx_hal_rcc.c ****       }
 665:Drivers/STM32F4xx_HAL_Driver/Src/stm32f4xx_hal_rcc.c ****     }
 666:Drivers/STM32F4xx_HAL_Driver/Src/stm32f4xx_hal_rcc.c ****     /* HSI is selected as System Clock Source */
 667:Drivers/STM32F4xx_HAL_Driver/Src/stm32f4xx_hal_rcc.c ****     else
ARM GAS  C:\Users\colle\AppData\Local\Temp\cchQjEtO.s 			page 31


 668:Drivers/STM32F4xx_HAL_Driver/Src/stm32f4xx_hal_rcc.c ****     {
 669:Drivers/STM32F4xx_HAL_Driver/Src/stm32f4xx_hal_rcc.c ****       /* Check the HSI ready flag */
 670:Drivers/STM32F4xx_HAL_Driver/Src/stm32f4xx_hal_rcc.c ****       if (__HAL_RCC_GET_FLAG(RCC_FLAG_HSIRDY) == RESET)
 671:Drivers/STM32F4xx_HAL_Driver/Src/stm32f4xx_hal_rcc.c ****       {
 672:Drivers/STM32F4xx_HAL_Driver/Src/stm32f4xx_hal_rcc.c ****         return HAL_ERROR;
 673:Drivers/STM32F4xx_HAL_Driver/Src/stm32f4xx_hal_rcc.c ****       }
 674:Drivers/STM32F4xx_HAL_Driver/Src/stm32f4xx_hal_rcc.c ****     }
 675:Drivers/STM32F4xx_HAL_Driver/Src/stm32f4xx_hal_rcc.c **** 
 676:Drivers/STM32F4xx_HAL_Driver/Src/stm32f4xx_hal_rcc.c ****     __HAL_RCC_SYSCLK_CONFIG(RCC_ClkInitStruct->SYSCLKSource);
 677:Drivers/STM32F4xx_HAL_Driver/Src/stm32f4xx_hal_rcc.c **** 
 678:Drivers/STM32F4xx_HAL_Driver/Src/stm32f4xx_hal_rcc.c ****     /* Get Start Tick */
 679:Drivers/STM32F4xx_HAL_Driver/Src/stm32f4xx_hal_rcc.c ****     tickstart = HAL_GetTick();
 680:Drivers/STM32F4xx_HAL_Driver/Src/stm32f4xx_hal_rcc.c **** 
 681:Drivers/STM32F4xx_HAL_Driver/Src/stm32f4xx_hal_rcc.c ****     while (__HAL_RCC_GET_SYSCLK_SOURCE() != (RCC_ClkInitStruct->SYSCLKSource << RCC_CFGR_SWS_Pos))
 682:Drivers/STM32F4xx_HAL_Driver/Src/stm32f4xx_hal_rcc.c ****     {
 683:Drivers/STM32F4xx_HAL_Driver/Src/stm32f4xx_hal_rcc.c ****       if ((HAL_GetTick() - tickstart) > CLOCKSWITCH_TIMEOUT_VALUE)
 684:Drivers/STM32F4xx_HAL_Driver/Src/stm32f4xx_hal_rcc.c ****       {
 685:Drivers/STM32F4xx_HAL_Driver/Src/stm32f4xx_hal_rcc.c ****         return HAL_TIMEOUT;
 686:Drivers/STM32F4xx_HAL_Driver/Src/stm32f4xx_hal_rcc.c ****       }
 687:Drivers/STM32F4xx_HAL_Driver/Src/stm32f4xx_hal_rcc.c ****     }
 688:Drivers/STM32F4xx_HAL_Driver/Src/stm32f4xx_hal_rcc.c ****   }
 689:Drivers/STM32F4xx_HAL_Driver/Src/stm32f4xx_hal_rcc.c **** 
 690:Drivers/STM32F4xx_HAL_Driver/Src/stm32f4xx_hal_rcc.c ****   /* Decreasing the number of wait states because of lower CPU frequency */
 691:Drivers/STM32F4xx_HAL_Driver/Src/stm32f4xx_hal_rcc.c ****   if (FLatency < __HAL_FLASH_GET_LATENCY())
 692:Drivers/STM32F4xx_HAL_Driver/Src/stm32f4xx_hal_rcc.c ****   {
 693:Drivers/STM32F4xx_HAL_Driver/Src/stm32f4xx_hal_rcc.c ****     /* Program the new number of wait states to the LATENCY bits in the FLASH_ACR register */
 694:Drivers/STM32F4xx_HAL_Driver/Src/stm32f4xx_hal_rcc.c ****     __HAL_FLASH_SET_LATENCY(FLatency);
 695:Drivers/STM32F4xx_HAL_Driver/Src/stm32f4xx_hal_rcc.c **** 
 696:Drivers/STM32F4xx_HAL_Driver/Src/stm32f4xx_hal_rcc.c ****     /* Check that the new number of wait states is taken into account to access the Flash
 697:Drivers/STM32F4xx_HAL_Driver/Src/stm32f4xx_hal_rcc.c ****     memory by reading the FLASH_ACR register */
 698:Drivers/STM32F4xx_HAL_Driver/Src/stm32f4xx_hal_rcc.c ****     if (__HAL_FLASH_GET_LATENCY() != FLatency)
 699:Drivers/STM32F4xx_HAL_Driver/Src/stm32f4xx_hal_rcc.c ****     {
 700:Drivers/STM32F4xx_HAL_Driver/Src/stm32f4xx_hal_rcc.c ****       return HAL_ERROR;
 701:Drivers/STM32F4xx_HAL_Driver/Src/stm32f4xx_hal_rcc.c ****     }
 702:Drivers/STM32F4xx_HAL_Driver/Src/stm32f4xx_hal_rcc.c ****   }
 703:Drivers/STM32F4xx_HAL_Driver/Src/stm32f4xx_hal_rcc.c **** 
 704:Drivers/STM32F4xx_HAL_Driver/Src/stm32f4xx_hal_rcc.c ****   /*-------------------------- PCLK1 Configuration ---------------------------*/
 705:Drivers/STM32F4xx_HAL_Driver/Src/stm32f4xx_hal_rcc.c ****   if (((RCC_ClkInitStruct->ClockType) & RCC_CLOCKTYPE_PCLK1) == RCC_CLOCKTYPE_PCLK1)
 706:Drivers/STM32F4xx_HAL_Driver/Src/stm32f4xx_hal_rcc.c ****   {
 707:Drivers/STM32F4xx_HAL_Driver/Src/stm32f4xx_hal_rcc.c ****     assert_param(IS_RCC_PCLK(RCC_ClkInitStruct->APB1CLKDivider));
 708:Drivers/STM32F4xx_HAL_Driver/Src/stm32f4xx_hal_rcc.c ****     MODIFY_REG(RCC->CFGR, RCC_CFGR_PPRE1, RCC_ClkInitStruct->APB1CLKDivider);
 709:Drivers/STM32F4xx_HAL_Driver/Src/stm32f4xx_hal_rcc.c ****   }
 710:Drivers/STM32F4xx_HAL_Driver/Src/stm32f4xx_hal_rcc.c **** 
 711:Drivers/STM32F4xx_HAL_Driver/Src/stm32f4xx_hal_rcc.c ****   /*-------------------------- PCLK2 Configuration ---------------------------*/
 712:Drivers/STM32F4xx_HAL_Driver/Src/stm32f4xx_hal_rcc.c ****   if (((RCC_ClkInitStruct->ClockType) & RCC_CLOCKTYPE_PCLK2) == RCC_CLOCKTYPE_PCLK2)
 713:Drivers/STM32F4xx_HAL_Driver/Src/stm32f4xx_hal_rcc.c ****   {
 714:Drivers/STM32F4xx_HAL_Driver/Src/stm32f4xx_hal_rcc.c ****     assert_param(IS_RCC_PCLK(RCC_ClkInitStruct->APB2CLKDivider));
 715:Drivers/STM32F4xx_HAL_Driver/Src/stm32f4xx_hal_rcc.c ****     MODIFY_REG(RCC->CFGR, RCC_CFGR_PPRE2, ((RCC_ClkInitStruct->APB2CLKDivider) << 3U));
 716:Drivers/STM32F4xx_HAL_Driver/Src/stm32f4xx_hal_rcc.c ****   }
 717:Drivers/STM32F4xx_HAL_Driver/Src/stm32f4xx_hal_rcc.c **** 
 718:Drivers/STM32F4xx_HAL_Driver/Src/stm32f4xx_hal_rcc.c ****   /* Update the SystemCoreClock global variable */
 719:Drivers/STM32F4xx_HAL_Driver/Src/stm32f4xx_hal_rcc.c ****   SystemCoreClock = HAL_RCC_GetSysClockFreq() >> AHBPrescTable[(RCC->CFGR & RCC_CFGR_HPRE) >> RCC_C
 720:Drivers/STM32F4xx_HAL_Driver/Src/stm32f4xx_hal_rcc.c **** 
 721:Drivers/STM32F4xx_HAL_Driver/Src/stm32f4xx_hal_rcc.c ****   /* Configure the source of time base considering new system clocks settings */
 722:Drivers/STM32F4xx_HAL_Driver/Src/stm32f4xx_hal_rcc.c ****   HAL_InitTick(uwTickPrio);
 723:Drivers/STM32F4xx_HAL_Driver/Src/stm32f4xx_hal_rcc.c **** 
 724:Drivers/STM32F4xx_HAL_Driver/Src/stm32f4xx_hal_rcc.c ****   return HAL_OK;
ARM GAS  C:\Users\colle\AppData\Local\Temp\cchQjEtO.s 			page 32


 725:Drivers/STM32F4xx_HAL_Driver/Src/stm32f4xx_hal_rcc.c **** }
 726:Drivers/STM32F4xx_HAL_Driver/Src/stm32f4xx_hal_rcc.c **** 
 727:Drivers/STM32F4xx_HAL_Driver/Src/stm32f4xx_hal_rcc.c **** /**
 728:Drivers/STM32F4xx_HAL_Driver/Src/stm32f4xx_hal_rcc.c ****   * @}
 729:Drivers/STM32F4xx_HAL_Driver/Src/stm32f4xx_hal_rcc.c ****   */
 730:Drivers/STM32F4xx_HAL_Driver/Src/stm32f4xx_hal_rcc.c **** 
 731:Drivers/STM32F4xx_HAL_Driver/Src/stm32f4xx_hal_rcc.c **** /** @defgroup RCC_Exported_Functions_Group2 Peripheral Control functions
 732:Drivers/STM32F4xx_HAL_Driver/Src/stm32f4xx_hal_rcc.c ****   *  @brief   RCC clocks control functions
 733:Drivers/STM32F4xx_HAL_Driver/Src/stm32f4xx_hal_rcc.c ****   *
 734:Drivers/STM32F4xx_HAL_Driver/Src/stm32f4xx_hal_rcc.c **** @verbatim
 735:Drivers/STM32F4xx_HAL_Driver/Src/stm32f4xx_hal_rcc.c ****  ===============================================================================
 736:Drivers/STM32F4xx_HAL_Driver/Src/stm32f4xx_hal_rcc.c ****                       ##### Peripheral Control functions #####
 737:Drivers/STM32F4xx_HAL_Driver/Src/stm32f4xx_hal_rcc.c ****  ===============================================================================
 738:Drivers/STM32F4xx_HAL_Driver/Src/stm32f4xx_hal_rcc.c ****     [..]
 739:Drivers/STM32F4xx_HAL_Driver/Src/stm32f4xx_hal_rcc.c ****     This subsection provides a set of functions allowing to control the RCC Clocks
 740:Drivers/STM32F4xx_HAL_Driver/Src/stm32f4xx_hal_rcc.c ****     frequencies.
 741:Drivers/STM32F4xx_HAL_Driver/Src/stm32f4xx_hal_rcc.c **** 
 742:Drivers/STM32F4xx_HAL_Driver/Src/stm32f4xx_hal_rcc.c **** @endverbatim
 743:Drivers/STM32F4xx_HAL_Driver/Src/stm32f4xx_hal_rcc.c ****   * @{
 744:Drivers/STM32F4xx_HAL_Driver/Src/stm32f4xx_hal_rcc.c ****   */
 745:Drivers/STM32F4xx_HAL_Driver/Src/stm32f4xx_hal_rcc.c **** 
 746:Drivers/STM32F4xx_HAL_Driver/Src/stm32f4xx_hal_rcc.c **** /**
 747:Drivers/STM32F4xx_HAL_Driver/Src/stm32f4xx_hal_rcc.c ****   * @brief  Selects the clock source to output on MCO1 pin(PA8) or on MCO2 pin(PC9).
 748:Drivers/STM32F4xx_HAL_Driver/Src/stm32f4xx_hal_rcc.c ****   * @note   PA8/PC9 should be configured in alternate function mode.
 749:Drivers/STM32F4xx_HAL_Driver/Src/stm32f4xx_hal_rcc.c ****   * @param  RCC_MCOx specifies the output direction for the clock source.
 750:Drivers/STM32F4xx_HAL_Driver/Src/stm32f4xx_hal_rcc.c ****   *          This parameter can be one of the following values:
 751:Drivers/STM32F4xx_HAL_Driver/Src/stm32f4xx_hal_rcc.c ****   *            @arg RCC_MCO1: Clock source to output on MCO1 pin(PA8).
 752:Drivers/STM32F4xx_HAL_Driver/Src/stm32f4xx_hal_rcc.c ****   *            @arg RCC_MCO2: Clock source to output on MCO2 pin(PC9).
 753:Drivers/STM32F4xx_HAL_Driver/Src/stm32f4xx_hal_rcc.c ****   * @param  RCC_MCOSource specifies the clock source to output.
 754:Drivers/STM32F4xx_HAL_Driver/Src/stm32f4xx_hal_rcc.c ****   *          This parameter can be one of the following values:
 755:Drivers/STM32F4xx_HAL_Driver/Src/stm32f4xx_hal_rcc.c ****   *            @arg RCC_MCO1SOURCE_HSI: HSI clock selected as MCO1 source
 756:Drivers/STM32F4xx_HAL_Driver/Src/stm32f4xx_hal_rcc.c ****   *            @arg RCC_MCO1SOURCE_LSE: LSE clock selected as MCO1 source
 757:Drivers/STM32F4xx_HAL_Driver/Src/stm32f4xx_hal_rcc.c ****   *            @arg RCC_MCO1SOURCE_HSE: HSE clock selected as MCO1 source
 758:Drivers/STM32F4xx_HAL_Driver/Src/stm32f4xx_hal_rcc.c ****   *            @arg RCC_MCO1SOURCE_PLLCLK: main PLL clock selected as MCO1 source
 759:Drivers/STM32F4xx_HAL_Driver/Src/stm32f4xx_hal_rcc.c ****   *            @arg RCC_MCO2SOURCE_SYSCLK: System clock (SYSCLK) selected as MCO2 source
 760:Drivers/STM32F4xx_HAL_Driver/Src/stm32f4xx_hal_rcc.c ****   *            @arg RCC_MCO2SOURCE_PLLI2SCLK: PLLI2S clock selected as MCO2 source, available for a
 761:Drivers/STM32F4xx_HAL_Driver/Src/stm32f4xx_hal_rcc.c ****   *            @arg RCC_MCO2SOURCE_I2SCLK: I2SCLK clock selected as MCO2 source, available only for
 762:Drivers/STM32F4xx_HAL_Driver/Src/stm32f4xx_hal_rcc.c ****   *            @arg RCC_MCO2SOURCE_HSE: HSE clock selected as MCO2 source
 763:Drivers/STM32F4xx_HAL_Driver/Src/stm32f4xx_hal_rcc.c ****   *            @arg RCC_MCO2SOURCE_PLLCLK: main PLL clock selected as MCO2 source
 764:Drivers/STM32F4xx_HAL_Driver/Src/stm32f4xx_hal_rcc.c ****   * @param  RCC_MCODiv specifies the MCOx prescaler.
 765:Drivers/STM32F4xx_HAL_Driver/Src/stm32f4xx_hal_rcc.c ****   *          This parameter can be one of the following values:
 766:Drivers/STM32F4xx_HAL_Driver/Src/stm32f4xx_hal_rcc.c ****   *            @arg RCC_MCODIV_1: no division applied to MCOx clock
 767:Drivers/STM32F4xx_HAL_Driver/Src/stm32f4xx_hal_rcc.c ****   *            @arg RCC_MCODIV_2: division by 2 applied to MCOx clock
 768:Drivers/STM32F4xx_HAL_Driver/Src/stm32f4xx_hal_rcc.c ****   *            @arg RCC_MCODIV_3: division by 3 applied to MCOx clock
 769:Drivers/STM32F4xx_HAL_Driver/Src/stm32f4xx_hal_rcc.c ****   *            @arg RCC_MCODIV_4: division by 4 applied to MCOx clock
 770:Drivers/STM32F4xx_HAL_Driver/Src/stm32f4xx_hal_rcc.c ****   *            @arg RCC_MCODIV_5: division by 5 applied to MCOx clock
 771:Drivers/STM32F4xx_HAL_Driver/Src/stm32f4xx_hal_rcc.c ****   * @note  For STM32F410Rx devices to output I2SCLK clock on MCO2 you should have
 772:Drivers/STM32F4xx_HAL_Driver/Src/stm32f4xx_hal_rcc.c ****   *        at last one of the SPI clocks enabled (SPI1, SPI2 or SPI5).
 773:Drivers/STM32F4xx_HAL_Driver/Src/stm32f4xx_hal_rcc.c ****   * @retval None
 774:Drivers/STM32F4xx_HAL_Driver/Src/stm32f4xx_hal_rcc.c ****   */
 775:Drivers/STM32F4xx_HAL_Driver/Src/stm32f4xx_hal_rcc.c **** void HAL_RCC_MCOConfig(uint32_t RCC_MCOx, uint32_t RCC_MCOSource, uint32_t RCC_MCODiv)
 776:Drivers/STM32F4xx_HAL_Driver/Src/stm32f4xx_hal_rcc.c **** {
 926              		.loc 1 776 1 is_stmt 1 view -0
 927              		.cfi_startproc
 928              		@ args = 0, pretend = 0, frame = 32
 929              		@ frame_needed = 0, uses_anonymous_args = 0
 930              		.loc 1 776 1 is_stmt 0 view .LVU298
ARM GAS  C:\Users\colle\AppData\Local\Temp\cchQjEtO.s 			page 33


 931 0000 70B5     		push	{r4, r5, r6, lr}
 932              		.cfi_def_cfa_offset 16
 933              		.cfi_offset 4, -16
 934              		.cfi_offset 5, -12
 935              		.cfi_offset 6, -8
 936              		.cfi_offset 14, -4
 937 0002 88B0     		sub	sp, sp, #32
 938              		.cfi_def_cfa_offset 48
 939 0004 0E46     		mov	r6, r1
 940 0006 1546     		mov	r5, r2
 777:Drivers/STM32F4xx_HAL_Driver/Src/stm32f4xx_hal_rcc.c ****   GPIO_InitTypeDef GPIO_InitStruct;
 941              		.loc 1 777 3 is_stmt 1 view .LVU299
 778:Drivers/STM32F4xx_HAL_Driver/Src/stm32f4xx_hal_rcc.c ****   /* Check the parameters */
 779:Drivers/STM32F4xx_HAL_Driver/Src/stm32f4xx_hal_rcc.c ****   assert_param(IS_RCC_MCO(RCC_MCOx));
 942              		.loc 1 779 3 view .LVU300
 780:Drivers/STM32F4xx_HAL_Driver/Src/stm32f4xx_hal_rcc.c ****   assert_param(IS_RCC_MCODIV(RCC_MCODiv));
 943              		.loc 1 780 3 view .LVU301
 781:Drivers/STM32F4xx_HAL_Driver/Src/stm32f4xx_hal_rcc.c ****   /* RCC_MCO1 */
 782:Drivers/STM32F4xx_HAL_Driver/Src/stm32f4xx_hal_rcc.c ****   if (RCC_MCOx == RCC_MCO1)
 944              		.loc 1 782 3 view .LVU302
 945              		.loc 1 782 6 is_stmt 0 view .LVU303
 946 0008 00BB     		cbnz	r0, .L98
 783:Drivers/STM32F4xx_HAL_Driver/Src/stm32f4xx_hal_rcc.c ****   {
 784:Drivers/STM32F4xx_HAL_Driver/Src/stm32f4xx_hal_rcc.c ****     assert_param(IS_RCC_MCO1SOURCE(RCC_MCOSource));
 947              		.loc 1 784 5 is_stmt 1 view .LVU304
 785:Drivers/STM32F4xx_HAL_Driver/Src/stm32f4xx_hal_rcc.c **** 
 786:Drivers/STM32F4xx_HAL_Driver/Src/stm32f4xx_hal_rcc.c ****     /* MCO1 Clock Enable */
 787:Drivers/STM32F4xx_HAL_Driver/Src/stm32f4xx_hal_rcc.c ****     __MCO1_CLK_ENABLE();
 948              		.loc 1 787 5 view .LVU305
 949              	.LBB5:
 950              		.loc 1 787 5 view .LVU306
 951 000a 0190     		str	r0, [sp, #4]
 952              		.loc 1 787 5 view .LVU307
 953 000c 204C     		ldr	r4, .L101
 954 000e 226B     		ldr	r2, [r4, #48]
 955              	.LVL65:
 956              		.loc 1 787 5 is_stmt 0 view .LVU308
 957 0010 42F00102 		orr	r2, r2, #1
 958 0014 2263     		str	r2, [r4, #48]
 959              		.loc 1 787 5 is_stmt 1 view .LVU309
 960 0016 226B     		ldr	r2, [r4, #48]
 961 0018 02F00102 		and	r2, r2, #1
 962 001c 0192     		str	r2, [sp, #4]
 963              		.loc 1 787 5 view .LVU310
 964 001e 019A     		ldr	r2, [sp, #4]
 965              	.LBE5:
 966              		.loc 1 787 5 view .LVU311
 788:Drivers/STM32F4xx_HAL_Driver/Src/stm32f4xx_hal_rcc.c **** 
 789:Drivers/STM32F4xx_HAL_Driver/Src/stm32f4xx_hal_rcc.c ****     /* Configure the MCO1 pin in alternate function mode */
 790:Drivers/STM32F4xx_HAL_Driver/Src/stm32f4xx_hal_rcc.c ****     GPIO_InitStruct.Pin = MCO1_PIN;
 967              		.loc 1 790 5 view .LVU312
 968              		.loc 1 790 25 is_stmt 0 view .LVU313
 969 0020 4FF48072 		mov	r2, #256
 970 0024 0392     		str	r2, [sp, #12]
 791:Drivers/STM32F4xx_HAL_Driver/Src/stm32f4xx_hal_rcc.c ****     GPIO_InitStruct.Mode = GPIO_MODE_AF_PP;
 971              		.loc 1 791 5 is_stmt 1 view .LVU314
 972              		.loc 1 791 26 is_stmt 0 view .LVU315
ARM GAS  C:\Users\colle\AppData\Local\Temp\cchQjEtO.s 			page 34


 973 0026 0222     		movs	r2, #2
 974 0028 0492     		str	r2, [sp, #16]
 792:Drivers/STM32F4xx_HAL_Driver/Src/stm32f4xx_hal_rcc.c ****     GPIO_InitStruct.Speed = GPIO_SPEED_FREQ_VERY_HIGH;
 975              		.loc 1 792 5 is_stmt 1 view .LVU316
 976              		.loc 1 792 27 is_stmt 0 view .LVU317
 977 002a 0322     		movs	r2, #3
 978 002c 0692     		str	r2, [sp, #24]
 793:Drivers/STM32F4xx_HAL_Driver/Src/stm32f4xx_hal_rcc.c ****     GPIO_InitStruct.Pull = GPIO_NOPULL;
 979              		.loc 1 793 5 is_stmt 1 view .LVU318
 980              		.loc 1 793 26 is_stmt 0 view .LVU319
 981 002e 0590     		str	r0, [sp, #20]
 794:Drivers/STM32F4xx_HAL_Driver/Src/stm32f4xx_hal_rcc.c ****     GPIO_InitStruct.Alternate = GPIO_AF0_MCO;
 982              		.loc 1 794 5 is_stmt 1 view .LVU320
 983              		.loc 1 794 31 is_stmt 0 view .LVU321
 984 0030 0790     		str	r0, [sp, #28]
 795:Drivers/STM32F4xx_HAL_Driver/Src/stm32f4xx_hal_rcc.c ****     HAL_GPIO_Init(MCO1_GPIO_PORT, &GPIO_InitStruct);
 985              		.loc 1 795 5 is_stmt 1 view .LVU322
 986 0032 03A9     		add	r1, sp, #12
 987              	.LVL66:
 988              		.loc 1 795 5 is_stmt 0 view .LVU323
 989 0034 1748     		ldr	r0, .L101+4
 990              	.LVL67:
 991              		.loc 1 795 5 view .LVU324
 992 0036 FFF7FEFF 		bl	HAL_GPIO_Init
 993              	.LVL68:
 796:Drivers/STM32F4xx_HAL_Driver/Src/stm32f4xx_hal_rcc.c **** 
 797:Drivers/STM32F4xx_HAL_Driver/Src/stm32f4xx_hal_rcc.c ****     /* Mask MCO1 and MCO1PRE[2:0] bits then Select MCO1 clock source and prescaler */
 798:Drivers/STM32F4xx_HAL_Driver/Src/stm32f4xx_hal_rcc.c ****     MODIFY_REG(RCC->CFGR, (RCC_CFGR_MCO1 | RCC_CFGR_MCO1PRE), (RCC_MCOSource | RCC_MCODiv));
 994              		.loc 1 798 5 is_stmt 1 view .LVU325
 995 003a A368     		ldr	r3, [r4, #8]
 996 003c 23F0EC63 		bic	r3, r3, #123731968
 997 0040 2A46     		mov	r2, r5
 998 0042 3243     		orrs	r2, r2, r6
 999 0044 1343     		orrs	r3, r3, r2
 1000 0046 A360     		str	r3, [r4, #8]
 1001              	.L97:
 799:Drivers/STM32F4xx_HAL_Driver/Src/stm32f4xx_hal_rcc.c **** 
 800:Drivers/STM32F4xx_HAL_Driver/Src/stm32f4xx_hal_rcc.c ****     /* This RCC MCO1 enable feature is available only on STM32F410xx devices */
 801:Drivers/STM32F4xx_HAL_Driver/Src/stm32f4xx_hal_rcc.c **** #if defined(RCC_CFGR_MCO1EN)
 802:Drivers/STM32F4xx_HAL_Driver/Src/stm32f4xx_hal_rcc.c ****     __HAL_RCC_MCO1_ENABLE();
 803:Drivers/STM32F4xx_HAL_Driver/Src/stm32f4xx_hal_rcc.c **** #endif /* RCC_CFGR_MCO1EN */
 804:Drivers/STM32F4xx_HAL_Driver/Src/stm32f4xx_hal_rcc.c ****   }
 805:Drivers/STM32F4xx_HAL_Driver/Src/stm32f4xx_hal_rcc.c **** #if defined(RCC_CFGR_MCO2)
 806:Drivers/STM32F4xx_HAL_Driver/Src/stm32f4xx_hal_rcc.c ****   else
 807:Drivers/STM32F4xx_HAL_Driver/Src/stm32f4xx_hal_rcc.c ****   {
 808:Drivers/STM32F4xx_HAL_Driver/Src/stm32f4xx_hal_rcc.c ****     assert_param(IS_RCC_MCO2SOURCE(RCC_MCOSource));
 809:Drivers/STM32F4xx_HAL_Driver/Src/stm32f4xx_hal_rcc.c **** 
 810:Drivers/STM32F4xx_HAL_Driver/Src/stm32f4xx_hal_rcc.c ****     /* MCO2 Clock Enable */
 811:Drivers/STM32F4xx_HAL_Driver/Src/stm32f4xx_hal_rcc.c ****     __MCO2_CLK_ENABLE();
 812:Drivers/STM32F4xx_HAL_Driver/Src/stm32f4xx_hal_rcc.c **** 
 813:Drivers/STM32F4xx_HAL_Driver/Src/stm32f4xx_hal_rcc.c ****     /* Configure the MCO2 pin in alternate function mode */
 814:Drivers/STM32F4xx_HAL_Driver/Src/stm32f4xx_hal_rcc.c ****     GPIO_InitStruct.Pin = MCO2_PIN;
 815:Drivers/STM32F4xx_HAL_Driver/Src/stm32f4xx_hal_rcc.c ****     GPIO_InitStruct.Mode = GPIO_MODE_AF_PP;
 816:Drivers/STM32F4xx_HAL_Driver/Src/stm32f4xx_hal_rcc.c ****     GPIO_InitStruct.Speed = GPIO_SPEED_FREQ_VERY_HIGH;
 817:Drivers/STM32F4xx_HAL_Driver/Src/stm32f4xx_hal_rcc.c ****     GPIO_InitStruct.Pull = GPIO_NOPULL;
 818:Drivers/STM32F4xx_HAL_Driver/Src/stm32f4xx_hal_rcc.c ****     GPIO_InitStruct.Alternate = GPIO_AF0_MCO;
 819:Drivers/STM32F4xx_HAL_Driver/Src/stm32f4xx_hal_rcc.c ****     HAL_GPIO_Init(MCO2_GPIO_PORT, &GPIO_InitStruct);
ARM GAS  C:\Users\colle\AppData\Local\Temp\cchQjEtO.s 			page 35


 820:Drivers/STM32F4xx_HAL_Driver/Src/stm32f4xx_hal_rcc.c **** 
 821:Drivers/STM32F4xx_HAL_Driver/Src/stm32f4xx_hal_rcc.c ****     /* Mask MCO2 and MCO2PRE[2:0] bits then Select MCO2 clock source and prescaler */
 822:Drivers/STM32F4xx_HAL_Driver/Src/stm32f4xx_hal_rcc.c ****     MODIFY_REG(RCC->CFGR, (RCC_CFGR_MCO2 | RCC_CFGR_MCO2PRE), (RCC_MCOSource | (RCC_MCODiv << 3U)))
 823:Drivers/STM32F4xx_HAL_Driver/Src/stm32f4xx_hal_rcc.c **** 
 824:Drivers/STM32F4xx_HAL_Driver/Src/stm32f4xx_hal_rcc.c ****     /* This RCC MCO2 enable feature is available only on STM32F410Rx devices */
 825:Drivers/STM32F4xx_HAL_Driver/Src/stm32f4xx_hal_rcc.c **** #if defined(RCC_CFGR_MCO2EN)
 826:Drivers/STM32F4xx_HAL_Driver/Src/stm32f4xx_hal_rcc.c ****     __HAL_RCC_MCO2_ENABLE();
 827:Drivers/STM32F4xx_HAL_Driver/Src/stm32f4xx_hal_rcc.c **** #endif /* RCC_CFGR_MCO2EN */
 828:Drivers/STM32F4xx_HAL_Driver/Src/stm32f4xx_hal_rcc.c ****   }
 829:Drivers/STM32F4xx_HAL_Driver/Src/stm32f4xx_hal_rcc.c **** #endif /* RCC_CFGR_MCO2 */
 830:Drivers/STM32F4xx_HAL_Driver/Src/stm32f4xx_hal_rcc.c **** }
 1002              		.loc 1 830 1 is_stmt 0 view .LVU326
 1003 0048 08B0     		add	sp, sp, #32
 1004              		.cfi_remember_state
 1005              		.cfi_def_cfa_offset 16
 1006              		@ sp needed
 1007 004a 70BD     		pop	{r4, r5, r6, pc}
 1008              	.LVL69:
 1009              	.L98:
 1010              		.cfi_restore_state
 808:Drivers/STM32F4xx_HAL_Driver/Src/stm32f4xx_hal_rcc.c **** 
 1011              		.loc 1 808 5 is_stmt 1 view .LVU327
 811:Drivers/STM32F4xx_HAL_Driver/Src/stm32f4xx_hal_rcc.c **** 
 1012              		.loc 1 811 5 view .LVU328
 1013              	.LBB6:
 811:Drivers/STM32F4xx_HAL_Driver/Src/stm32f4xx_hal_rcc.c **** 
 1014              		.loc 1 811 5 view .LVU329
 1015 004c 0023     		movs	r3, #0
 1016 004e 0293     		str	r3, [sp, #8]
 811:Drivers/STM32F4xx_HAL_Driver/Src/stm32f4xx_hal_rcc.c **** 
 1017              		.loc 1 811 5 view .LVU330
 1018 0050 0F4C     		ldr	r4, .L101
 1019 0052 226B     		ldr	r2, [r4, #48]
 1020              	.LVL70:
 811:Drivers/STM32F4xx_HAL_Driver/Src/stm32f4xx_hal_rcc.c **** 
 1021              		.loc 1 811 5 is_stmt 0 view .LVU331
 1022 0054 42F00402 		orr	r2, r2, #4
 1023 0058 2263     		str	r2, [r4, #48]
 811:Drivers/STM32F4xx_HAL_Driver/Src/stm32f4xx_hal_rcc.c **** 
 1024              		.loc 1 811 5 is_stmt 1 view .LVU332
 1025 005a 226B     		ldr	r2, [r4, #48]
 1026 005c 02F00402 		and	r2, r2, #4
 1027 0060 0292     		str	r2, [sp, #8]
 811:Drivers/STM32F4xx_HAL_Driver/Src/stm32f4xx_hal_rcc.c **** 
 1028              		.loc 1 811 5 view .LVU333
 1029 0062 029A     		ldr	r2, [sp, #8]
 1030              	.LBE6:
 811:Drivers/STM32F4xx_HAL_Driver/Src/stm32f4xx_hal_rcc.c **** 
 1031              		.loc 1 811 5 view .LVU334
 814:Drivers/STM32F4xx_HAL_Driver/Src/stm32f4xx_hal_rcc.c ****     GPIO_InitStruct.Mode = GPIO_MODE_AF_PP;
 1032              		.loc 1 814 5 view .LVU335
 814:Drivers/STM32F4xx_HAL_Driver/Src/stm32f4xx_hal_rcc.c ****     GPIO_InitStruct.Mode = GPIO_MODE_AF_PP;
 1033              		.loc 1 814 25 is_stmt 0 view .LVU336
 1034 0064 4FF40072 		mov	r2, #512
 1035 0068 0392     		str	r2, [sp, #12]
 815:Drivers/STM32F4xx_HAL_Driver/Src/stm32f4xx_hal_rcc.c ****     GPIO_InitStruct.Speed = GPIO_SPEED_FREQ_VERY_HIGH;
 1036              		.loc 1 815 5 is_stmt 1 view .LVU337
ARM GAS  C:\Users\colle\AppData\Local\Temp\cchQjEtO.s 			page 36


 815:Drivers/STM32F4xx_HAL_Driver/Src/stm32f4xx_hal_rcc.c ****     GPIO_InitStruct.Speed = GPIO_SPEED_FREQ_VERY_HIGH;
 1037              		.loc 1 815 26 is_stmt 0 view .LVU338
 1038 006a 0222     		movs	r2, #2
 1039 006c 0492     		str	r2, [sp, #16]
 816:Drivers/STM32F4xx_HAL_Driver/Src/stm32f4xx_hal_rcc.c ****     GPIO_InitStruct.Pull = GPIO_NOPULL;
 1040              		.loc 1 816 5 is_stmt 1 view .LVU339
 816:Drivers/STM32F4xx_HAL_Driver/Src/stm32f4xx_hal_rcc.c ****     GPIO_InitStruct.Pull = GPIO_NOPULL;
 1041              		.loc 1 816 27 is_stmt 0 view .LVU340
 1042 006e 0322     		movs	r2, #3
 1043 0070 0692     		str	r2, [sp, #24]
 817:Drivers/STM32F4xx_HAL_Driver/Src/stm32f4xx_hal_rcc.c ****     GPIO_InitStruct.Alternate = GPIO_AF0_MCO;
 1044              		.loc 1 817 5 is_stmt 1 view .LVU341
 817:Drivers/STM32F4xx_HAL_Driver/Src/stm32f4xx_hal_rcc.c ****     GPIO_InitStruct.Alternate = GPIO_AF0_MCO;
 1045              		.loc 1 817 26 is_stmt 0 view .LVU342
 1046 0072 0593     		str	r3, [sp, #20]
 818:Drivers/STM32F4xx_HAL_Driver/Src/stm32f4xx_hal_rcc.c ****     HAL_GPIO_Init(MCO2_GPIO_PORT, &GPIO_InitStruct);
 1047              		.loc 1 818 5 is_stmt 1 view .LVU343
 818:Drivers/STM32F4xx_HAL_Driver/Src/stm32f4xx_hal_rcc.c ****     HAL_GPIO_Init(MCO2_GPIO_PORT, &GPIO_InitStruct);
 1048              		.loc 1 818 31 is_stmt 0 view .LVU344
 1049 0074 0793     		str	r3, [sp, #28]
 819:Drivers/STM32F4xx_HAL_Driver/Src/stm32f4xx_hal_rcc.c **** 
 1050              		.loc 1 819 5 is_stmt 1 view .LVU345
 1051 0076 03A9     		add	r1, sp, #12
 1052              	.LVL71:
 819:Drivers/STM32F4xx_HAL_Driver/Src/stm32f4xx_hal_rcc.c **** 
 1053              		.loc 1 819 5 is_stmt 0 view .LVU346
 1054 0078 0748     		ldr	r0, .L101+8
 1055              	.LVL72:
 819:Drivers/STM32F4xx_HAL_Driver/Src/stm32f4xx_hal_rcc.c **** 
 1056              		.loc 1 819 5 view .LVU347
 1057 007a FFF7FEFF 		bl	HAL_GPIO_Init
 1058              	.LVL73:
 822:Drivers/STM32F4xx_HAL_Driver/Src/stm32f4xx_hal_rcc.c **** 
 1059              		.loc 1 822 5 is_stmt 1 view .LVU348
 1060 007e A368     		ldr	r3, [r4, #8]
 1061 0080 23F07843 		bic	r3, r3, #-134217728
 1062 0084 46EAC502 		orr	r2, r6, r5, lsl #3
 1063 0088 1343     		orrs	r3, r3, r2
 1064 008a A360     		str	r3, [r4, #8]
 1065              		.loc 1 830 1 is_stmt 0 view .LVU349
 1066 008c DCE7     		b	.L97
 1067              	.L102:
 1068 008e 00BF     		.align	2
 1069              	.L101:
 1070 0090 00380240 		.word	1073887232
 1071 0094 00000240 		.word	1073872896
 1072 0098 00080240 		.word	1073874944
 1073              		.cfi_endproc
 1074              	.LFE137:
 1076              		.section	.text.HAL_RCC_EnableCSS,"ax",%progbits
 1077              		.align	1
 1078              		.global	HAL_RCC_EnableCSS
 1079              		.syntax unified
 1080              		.thumb
 1081              		.thumb_func
 1083              	HAL_RCC_EnableCSS:
 1084              	.LFB138:
ARM GAS  C:\Users\colle\AppData\Local\Temp\cchQjEtO.s 			page 37


 831:Drivers/STM32F4xx_HAL_Driver/Src/stm32f4xx_hal_rcc.c **** 
 832:Drivers/STM32F4xx_HAL_Driver/Src/stm32f4xx_hal_rcc.c **** /**
 833:Drivers/STM32F4xx_HAL_Driver/Src/stm32f4xx_hal_rcc.c ****   * @brief  Enables the Clock Security System.
 834:Drivers/STM32F4xx_HAL_Driver/Src/stm32f4xx_hal_rcc.c ****   * @note   If a failure is detected on the HSE oscillator clock, this oscillator
 835:Drivers/STM32F4xx_HAL_Driver/Src/stm32f4xx_hal_rcc.c ****   *         is automatically disabled and an interrupt is generated to inform the
 836:Drivers/STM32F4xx_HAL_Driver/Src/stm32f4xx_hal_rcc.c ****   *         software about the failure (Clock Security System Interrupt, CSSI),
 837:Drivers/STM32F4xx_HAL_Driver/Src/stm32f4xx_hal_rcc.c ****   *         allowing the MCU to perform rescue operations. The CSSI is linked to
 838:Drivers/STM32F4xx_HAL_Driver/Src/stm32f4xx_hal_rcc.c ****   *         the Cortex-M4 NMI (Non-Maskable Interrupt) exception vector.
 839:Drivers/STM32F4xx_HAL_Driver/Src/stm32f4xx_hal_rcc.c ****   * @retval None
 840:Drivers/STM32F4xx_HAL_Driver/Src/stm32f4xx_hal_rcc.c ****   */
 841:Drivers/STM32F4xx_HAL_Driver/Src/stm32f4xx_hal_rcc.c **** void HAL_RCC_EnableCSS(void)
 842:Drivers/STM32F4xx_HAL_Driver/Src/stm32f4xx_hal_rcc.c **** {
 1085              		.loc 1 842 1 is_stmt 1 view -0
 1086              		.cfi_startproc
 1087              		@ args = 0, pretend = 0, frame = 0
 1088              		@ frame_needed = 0, uses_anonymous_args = 0
 1089              		@ link register save eliminated.
 843:Drivers/STM32F4xx_HAL_Driver/Src/stm32f4xx_hal_rcc.c ****   *(__IO uint32_t *) RCC_CR_CSSON_BB = (uint32_t)ENABLE;
 1090              		.loc 1 843 3 view .LVU351
 1091              		.loc 1 843 38 is_stmt 0 view .LVU352
 1092 0000 014B     		ldr	r3, .L104
 1093 0002 0122     		movs	r2, #1
 1094 0004 DA64     		str	r2, [r3, #76]
 844:Drivers/STM32F4xx_HAL_Driver/Src/stm32f4xx_hal_rcc.c **** }
 1095              		.loc 1 844 1 view .LVU353
 1096 0006 7047     		bx	lr
 1097              	.L105:
 1098              		.align	2
 1099              	.L104:
 1100 0008 00004742 		.word	1111949312
 1101              		.cfi_endproc
 1102              	.LFE138:
 1104              		.section	.text.HAL_RCC_DisableCSS,"ax",%progbits
 1105              		.align	1
 1106              		.global	HAL_RCC_DisableCSS
 1107              		.syntax unified
 1108              		.thumb
 1109              		.thumb_func
 1111              	HAL_RCC_DisableCSS:
 1112              	.LFB139:
 845:Drivers/STM32F4xx_HAL_Driver/Src/stm32f4xx_hal_rcc.c **** 
 846:Drivers/STM32F4xx_HAL_Driver/Src/stm32f4xx_hal_rcc.c **** /**
 847:Drivers/STM32F4xx_HAL_Driver/Src/stm32f4xx_hal_rcc.c ****   * @brief  Disables the Clock Security System.
 848:Drivers/STM32F4xx_HAL_Driver/Src/stm32f4xx_hal_rcc.c ****   * @retval None
 849:Drivers/STM32F4xx_HAL_Driver/Src/stm32f4xx_hal_rcc.c ****   */
 850:Drivers/STM32F4xx_HAL_Driver/Src/stm32f4xx_hal_rcc.c **** void HAL_RCC_DisableCSS(void)
 851:Drivers/STM32F4xx_HAL_Driver/Src/stm32f4xx_hal_rcc.c **** {
 1113              		.loc 1 851 1 is_stmt 1 view -0
 1114              		.cfi_startproc
 1115              		@ args = 0, pretend = 0, frame = 0
 1116              		@ frame_needed = 0, uses_anonymous_args = 0
 1117              		@ link register save eliminated.
 852:Drivers/STM32F4xx_HAL_Driver/Src/stm32f4xx_hal_rcc.c ****   *(__IO uint32_t *) RCC_CR_CSSON_BB = (uint32_t)DISABLE;
 1118              		.loc 1 852 3 view .LVU355
 1119              		.loc 1 852 38 is_stmt 0 view .LVU356
 1120 0000 014B     		ldr	r3, .L107
 1121 0002 0022     		movs	r2, #0
ARM GAS  C:\Users\colle\AppData\Local\Temp\cchQjEtO.s 			page 38


 1122 0004 DA64     		str	r2, [r3, #76]
 853:Drivers/STM32F4xx_HAL_Driver/Src/stm32f4xx_hal_rcc.c **** }
 1123              		.loc 1 853 1 view .LVU357
 1124 0006 7047     		bx	lr
 1125              	.L108:
 1126              		.align	2
 1127              	.L107:
 1128 0008 00004742 		.word	1111949312
 1129              		.cfi_endproc
 1130              	.LFE139:
 1132              		.section	.text.HAL_RCC_GetSysClockFreq,"ax",%progbits
 1133              		.align	1
 1134              		.weak	HAL_RCC_GetSysClockFreq
 1135              		.syntax unified
 1136              		.thumb
 1137              		.thumb_func
 1139              	HAL_RCC_GetSysClockFreq:
 1140              	.LFB140:
 854:Drivers/STM32F4xx_HAL_Driver/Src/stm32f4xx_hal_rcc.c **** 
 855:Drivers/STM32F4xx_HAL_Driver/Src/stm32f4xx_hal_rcc.c **** /**
 856:Drivers/STM32F4xx_HAL_Driver/Src/stm32f4xx_hal_rcc.c ****   * @brief  Returns the SYSCLK frequency
 857:Drivers/STM32F4xx_HAL_Driver/Src/stm32f4xx_hal_rcc.c ****   *
 858:Drivers/STM32F4xx_HAL_Driver/Src/stm32f4xx_hal_rcc.c ****   * @note   The system frequency computed by this function is not the real
 859:Drivers/STM32F4xx_HAL_Driver/Src/stm32f4xx_hal_rcc.c ****   *         frequency in the chip. It is calculated based on the predefined
 860:Drivers/STM32F4xx_HAL_Driver/Src/stm32f4xx_hal_rcc.c ****   *         constant and the selected clock source:
 861:Drivers/STM32F4xx_HAL_Driver/Src/stm32f4xx_hal_rcc.c ****   * @note     If SYSCLK source is HSI, function returns values based on HSI_VALUE(*)
 862:Drivers/STM32F4xx_HAL_Driver/Src/stm32f4xx_hal_rcc.c ****   * @note     If SYSCLK source is HSE, function returns values based on HSE_VALUE(**)
 863:Drivers/STM32F4xx_HAL_Driver/Src/stm32f4xx_hal_rcc.c ****   * @note     If SYSCLK source is PLL, function returns values based on HSE_VALUE(**)
 864:Drivers/STM32F4xx_HAL_Driver/Src/stm32f4xx_hal_rcc.c ****   *           or HSI_VALUE(*) multiplied/divided by the PLL factors.
 865:Drivers/STM32F4xx_HAL_Driver/Src/stm32f4xx_hal_rcc.c ****   * @note     (*) HSI_VALUE is a constant defined in stm32f4xx_hal_conf.h file (default value
 866:Drivers/STM32F4xx_HAL_Driver/Src/stm32f4xx_hal_rcc.c ****   *               16 MHz) but the real value may vary depending on the variations
 867:Drivers/STM32F4xx_HAL_Driver/Src/stm32f4xx_hal_rcc.c ****   *               in voltage and temperature.
 868:Drivers/STM32F4xx_HAL_Driver/Src/stm32f4xx_hal_rcc.c ****   * @note     (**) HSE_VALUE is a constant defined in stm32f4xx_hal_conf.h file (default value
 869:Drivers/STM32F4xx_HAL_Driver/Src/stm32f4xx_hal_rcc.c ****   *                25 MHz), user has to ensure that HSE_VALUE is same as the real
 870:Drivers/STM32F4xx_HAL_Driver/Src/stm32f4xx_hal_rcc.c ****   *                frequency of the crystal used. Otherwise, this function may
 871:Drivers/STM32F4xx_HAL_Driver/Src/stm32f4xx_hal_rcc.c ****   *                have wrong result.
 872:Drivers/STM32F4xx_HAL_Driver/Src/stm32f4xx_hal_rcc.c ****   *
 873:Drivers/STM32F4xx_HAL_Driver/Src/stm32f4xx_hal_rcc.c ****   * @note   The result of this function could be not correct when using fractional
 874:Drivers/STM32F4xx_HAL_Driver/Src/stm32f4xx_hal_rcc.c ****   *         value for HSE crystal.
 875:Drivers/STM32F4xx_HAL_Driver/Src/stm32f4xx_hal_rcc.c ****   *
 876:Drivers/STM32F4xx_HAL_Driver/Src/stm32f4xx_hal_rcc.c ****   * @note   This function can be used by the user application to compute the
 877:Drivers/STM32F4xx_HAL_Driver/Src/stm32f4xx_hal_rcc.c ****   *         baudrate for the communication peripherals or configure other parameters.
 878:Drivers/STM32F4xx_HAL_Driver/Src/stm32f4xx_hal_rcc.c ****   *
 879:Drivers/STM32F4xx_HAL_Driver/Src/stm32f4xx_hal_rcc.c ****   * @note   Each time SYSCLK changes, this function must be called to update the
 880:Drivers/STM32F4xx_HAL_Driver/Src/stm32f4xx_hal_rcc.c ****   *         right SYSCLK value. Otherwise, any configuration based on this function will be incorre
 881:Drivers/STM32F4xx_HAL_Driver/Src/stm32f4xx_hal_rcc.c ****   *
 882:Drivers/STM32F4xx_HAL_Driver/Src/stm32f4xx_hal_rcc.c ****   *
 883:Drivers/STM32F4xx_HAL_Driver/Src/stm32f4xx_hal_rcc.c ****   * @retval SYSCLK frequency
 884:Drivers/STM32F4xx_HAL_Driver/Src/stm32f4xx_hal_rcc.c ****   */
 885:Drivers/STM32F4xx_HAL_Driver/Src/stm32f4xx_hal_rcc.c **** __weak uint32_t HAL_RCC_GetSysClockFreq(void)
 886:Drivers/STM32F4xx_HAL_Driver/Src/stm32f4xx_hal_rcc.c **** {
 1141              		.loc 1 886 1 is_stmt 1 view -0
 1142              		.cfi_startproc
 1143              		@ args = 0, pretend = 0, frame = 0
 1144              		@ frame_needed = 0, uses_anonymous_args = 0
 1145 0000 08B5     		push	{r3, lr}
 1146              		.cfi_def_cfa_offset 8
ARM GAS  C:\Users\colle\AppData\Local\Temp\cchQjEtO.s 			page 39


 1147              		.cfi_offset 3, -8
 1148              		.cfi_offset 14, -4
 887:Drivers/STM32F4xx_HAL_Driver/Src/stm32f4xx_hal_rcc.c ****   uint32_t pllm = 0U;
 1149              		.loc 1 887 3 view .LVU359
 1150              	.LVL74:
 888:Drivers/STM32F4xx_HAL_Driver/Src/stm32f4xx_hal_rcc.c ****   uint32_t pllvco = 0U;
 1151              		.loc 1 888 3 view .LVU360
 889:Drivers/STM32F4xx_HAL_Driver/Src/stm32f4xx_hal_rcc.c ****   uint32_t pllp = 0U;
 1152              		.loc 1 889 3 view .LVU361
 890:Drivers/STM32F4xx_HAL_Driver/Src/stm32f4xx_hal_rcc.c ****   uint32_t sysclockfreq = 0U;
 1153              		.loc 1 890 3 view .LVU362
 891:Drivers/STM32F4xx_HAL_Driver/Src/stm32f4xx_hal_rcc.c **** 
 892:Drivers/STM32F4xx_HAL_Driver/Src/stm32f4xx_hal_rcc.c ****   /* Get SYSCLK source -------------------------------------------------------*/
 893:Drivers/STM32F4xx_HAL_Driver/Src/stm32f4xx_hal_rcc.c ****   switch (RCC->CFGR & RCC_CFGR_SWS)
 1154              		.loc 1 893 3 view .LVU363
 1155              		.loc 1 893 14 is_stmt 0 view .LVU364
 1156 0002 264B     		ldr	r3, .L116
 1157 0004 9B68     		ldr	r3, [r3, #8]
 1158              		.loc 1 893 21 view .LVU365
 1159 0006 03F00C03 		and	r3, r3, #12
 1160              		.loc 1 893 3 view .LVU366
 1161 000a 042B     		cmp	r3, #4
 1162 000c 41D0     		beq	.L113
 1163 000e 082B     		cmp	r3, #8
 1164 0010 41D1     		bne	.L114
 894:Drivers/STM32F4xx_HAL_Driver/Src/stm32f4xx_hal_rcc.c ****   {
 895:Drivers/STM32F4xx_HAL_Driver/Src/stm32f4xx_hal_rcc.c ****     case RCC_CFGR_SWS_HSI:  /* HSI used as system clock source */
 896:Drivers/STM32F4xx_HAL_Driver/Src/stm32f4xx_hal_rcc.c ****     {
 897:Drivers/STM32F4xx_HAL_Driver/Src/stm32f4xx_hal_rcc.c ****       sysclockfreq = HSI_VALUE;
 898:Drivers/STM32F4xx_HAL_Driver/Src/stm32f4xx_hal_rcc.c ****       break;
 899:Drivers/STM32F4xx_HAL_Driver/Src/stm32f4xx_hal_rcc.c ****     }
 900:Drivers/STM32F4xx_HAL_Driver/Src/stm32f4xx_hal_rcc.c ****     case RCC_CFGR_SWS_HSE:  /* HSE used as system clock  source */
 901:Drivers/STM32F4xx_HAL_Driver/Src/stm32f4xx_hal_rcc.c ****     {
 902:Drivers/STM32F4xx_HAL_Driver/Src/stm32f4xx_hal_rcc.c ****       sysclockfreq = HSE_VALUE;
 903:Drivers/STM32F4xx_HAL_Driver/Src/stm32f4xx_hal_rcc.c ****       break;
 904:Drivers/STM32F4xx_HAL_Driver/Src/stm32f4xx_hal_rcc.c ****     }
 905:Drivers/STM32F4xx_HAL_Driver/Src/stm32f4xx_hal_rcc.c ****     case RCC_CFGR_SWS_PLL:  /* PLL used as system clock  source */
 906:Drivers/STM32F4xx_HAL_Driver/Src/stm32f4xx_hal_rcc.c ****     {
 907:Drivers/STM32F4xx_HAL_Driver/Src/stm32f4xx_hal_rcc.c ****       /* PLL_VCO = (HSE_VALUE or HSI_VALUE / PLLM) * PLLN
 908:Drivers/STM32F4xx_HAL_Driver/Src/stm32f4xx_hal_rcc.c ****       SYSCLK = PLL_VCO / PLLP */
 909:Drivers/STM32F4xx_HAL_Driver/Src/stm32f4xx_hal_rcc.c ****       pllm = RCC->PLLCFGR & RCC_PLLCFGR_PLLM;
 1165              		.loc 1 909 7 is_stmt 1 view .LVU367
 1166              		.loc 1 909 17 is_stmt 0 view .LVU368
 1167 0012 224B     		ldr	r3, .L116
 1168 0014 5A68     		ldr	r2, [r3, #4]
 1169              		.loc 1 909 12 view .LVU369
 1170 0016 02F03F02 		and	r2, r2, #63
 1171              	.LVL75:
 910:Drivers/STM32F4xx_HAL_Driver/Src/stm32f4xx_hal_rcc.c ****       if (__HAL_RCC_GET_PLL_OSCSOURCE() != RCC_PLLSOURCE_HSI)
 1172              		.loc 1 910 7 is_stmt 1 view .LVU370
 1173              		.loc 1 910 11 is_stmt 0 view .LVU371
 1174 001a 5B68     		ldr	r3, [r3, #4]
 1175              		.loc 1 910 10 view .LVU372
 1176 001c 13F4800F 		tst	r3, #4194304
 1177 0020 12D0     		beq	.L111
 911:Drivers/STM32F4xx_HAL_Driver/Src/stm32f4xx_hal_rcc.c ****       {
 912:Drivers/STM32F4xx_HAL_Driver/Src/stm32f4xx_hal_rcc.c ****         /* HSE used as PLL clock source */
ARM GAS  C:\Users\colle\AppData\Local\Temp\cchQjEtO.s 			page 40


 913:Drivers/STM32F4xx_HAL_Driver/Src/stm32f4xx_hal_rcc.c ****         pllvco = (uint32_t)((((uint64_t) HSE_VALUE * ((uint64_t)((RCC->PLLCFGR & RCC_PLLCFGR_PLLN) 
 1178              		.loc 1 913 9 is_stmt 1 view .LVU373
 1179              		.loc 1 913 70 is_stmt 0 view .LVU374
 1180 0022 1E4B     		ldr	r3, .L116
 1181 0024 5968     		ldr	r1, [r3, #4]
 1182              		.loc 1 913 55 view .LVU375
 1183 0026 C1F38811 		ubfx	r1, r1, #6, #9
 1184              		.loc 1 913 52 view .LVU376
 1185 002a 1D48     		ldr	r0, .L116+4
 1186              		.loc 1 913 128 view .LVU377
 1187 002c 0023     		movs	r3, #0
 1188 002e A1FB0001 		umull	r0, r1, r1, r0
 1189 0032 FFF7FEFF 		bl	__aeabi_uldivmod
 1190              	.LVL76:
 1191              	.L112:
 914:Drivers/STM32F4xx_HAL_Driver/Src/stm32f4xx_hal_rcc.c ****       }
 915:Drivers/STM32F4xx_HAL_Driver/Src/stm32f4xx_hal_rcc.c ****       else
 916:Drivers/STM32F4xx_HAL_Driver/Src/stm32f4xx_hal_rcc.c ****       {
 917:Drivers/STM32F4xx_HAL_Driver/Src/stm32f4xx_hal_rcc.c ****         /* HSI used as PLL clock source */
 918:Drivers/STM32F4xx_HAL_Driver/Src/stm32f4xx_hal_rcc.c ****         pllvco = (uint32_t)((((uint64_t) HSI_VALUE * ((uint64_t)((RCC->PLLCFGR & RCC_PLLCFGR_PLLN) 
 919:Drivers/STM32F4xx_HAL_Driver/Src/stm32f4xx_hal_rcc.c ****       }
 920:Drivers/STM32F4xx_HAL_Driver/Src/stm32f4xx_hal_rcc.c ****       pllp = ((((RCC->PLLCFGR & RCC_PLLCFGR_PLLP) >> RCC_PLLCFGR_PLLP_Pos) + 1U) * 2U);
 1192              		.loc 1 920 7 is_stmt 1 view .LVU378
 1193              		.loc 1 920 21 is_stmt 0 view .LVU379
 1194 0036 194B     		ldr	r3, .L116
 1195 0038 5B68     		ldr	r3, [r3, #4]
 1196              		.loc 1 920 51 view .LVU380
 1197 003a C3F30143 		ubfx	r3, r3, #16, #2
 1198              		.loc 1 920 76 view .LVU381
 1199 003e 0133     		adds	r3, r3, #1
 1200              		.loc 1 920 12 view .LVU382
 1201 0040 5B00     		lsls	r3, r3, #1
 1202              	.LVL77:
 921:Drivers/STM32F4xx_HAL_Driver/Src/stm32f4xx_hal_rcc.c **** 
 922:Drivers/STM32F4xx_HAL_Driver/Src/stm32f4xx_hal_rcc.c ****       sysclockfreq = pllvco / pllp;
 1203              		.loc 1 922 7 is_stmt 1 view .LVU383
 1204              		.loc 1 922 20 is_stmt 0 view .LVU384
 1205 0042 B0FBF3F0 		udiv	r0, r0, r3
 1206              	.LVL78:
 923:Drivers/STM32F4xx_HAL_Driver/Src/stm32f4xx_hal_rcc.c ****       break;
 1207              		.loc 1 923 7 is_stmt 1 view .LVU385
 1208              	.L109:
 924:Drivers/STM32F4xx_HAL_Driver/Src/stm32f4xx_hal_rcc.c ****     }
 925:Drivers/STM32F4xx_HAL_Driver/Src/stm32f4xx_hal_rcc.c ****     default:
 926:Drivers/STM32F4xx_HAL_Driver/Src/stm32f4xx_hal_rcc.c ****     {
 927:Drivers/STM32F4xx_HAL_Driver/Src/stm32f4xx_hal_rcc.c ****       sysclockfreq = HSI_VALUE;
 928:Drivers/STM32F4xx_HAL_Driver/Src/stm32f4xx_hal_rcc.c ****       break;
 929:Drivers/STM32F4xx_HAL_Driver/Src/stm32f4xx_hal_rcc.c ****     }
 930:Drivers/STM32F4xx_HAL_Driver/Src/stm32f4xx_hal_rcc.c ****   }
 931:Drivers/STM32F4xx_HAL_Driver/Src/stm32f4xx_hal_rcc.c ****   return sysclockfreq;
 932:Drivers/STM32F4xx_HAL_Driver/Src/stm32f4xx_hal_rcc.c **** }
 1209              		.loc 1 932 1 is_stmt 0 view .LVU386
 1210 0046 08BD     		pop	{r3, pc}
 1211              	.LVL79:
 1212              	.L111:
 918:Drivers/STM32F4xx_HAL_Driver/Src/stm32f4xx_hal_rcc.c ****       }
 1213              		.loc 1 918 9 is_stmt 1 view .LVU387
ARM GAS  C:\Users\colle\AppData\Local\Temp\cchQjEtO.s 			page 41


 918:Drivers/STM32F4xx_HAL_Driver/Src/stm32f4xx_hal_rcc.c ****       }
 1214              		.loc 1 918 70 is_stmt 0 view .LVU388
 1215 0048 144B     		ldr	r3, .L116
 1216 004a 5868     		ldr	r0, [r3, #4]
 918:Drivers/STM32F4xx_HAL_Driver/Src/stm32f4xx_hal_rcc.c ****       }
 1217              		.loc 1 918 55 view .LVU389
 1218 004c C0F38810 		ubfx	r0, r0, #6, #9
 918:Drivers/STM32F4xx_HAL_Driver/Src/stm32f4xx_hal_rcc.c ****       }
 1219              		.loc 1 918 52 view .LVU390
 1220 0050 4FEA401C 		lsl	ip, r0, #5
 1221 0054 BCEB000C 		subs	ip, ip, r0
 1222 0058 6EEB0E0E 		sbc	lr, lr, lr
 1223 005c 4FEA8E13 		lsl	r3, lr, #6
 1224 0060 43EA9C63 		orr	r3, r3, ip, lsr #26
 1225 0064 4FEA8C11 		lsl	r1, ip, #6
 1226 0068 B1EB0C01 		subs	r1, r1, ip
 1227 006c 63EB0E03 		sbc	r3, r3, lr
 1228 0070 DB00     		lsls	r3, r3, #3
 1229 0072 43EA5173 		orr	r3, r3, r1, lsr #29
 1230 0076 C900     		lsls	r1, r1, #3
 1231 0078 11EB000C 		adds	ip, r1, r0
 1232 007c 43F10003 		adc	r3, r3, #0
 1233 0080 9902     		lsls	r1, r3, #10
 918:Drivers/STM32F4xx_HAL_Driver/Src/stm32f4xx_hal_rcc.c ****       }
 1234              		.loc 1 918 128 view .LVU391
 1235 0082 0023     		movs	r3, #0
 1236 0084 4FEA8C20 		lsl	r0, ip, #10
 1237 0088 41EA9C51 		orr	r1, r1, ip, lsr #22
 1238 008c FFF7FEFF 		bl	__aeabi_uldivmod
 1239              	.LVL80:
 918:Drivers/STM32F4xx_HAL_Driver/Src/stm32f4xx_hal_rcc.c ****       }
 1240              		.loc 1 918 128 view .LVU392
 1241 0090 D1E7     		b	.L112
 1242              	.LVL81:
 1243              	.L113:
 902:Drivers/STM32F4xx_HAL_Driver/Src/stm32f4xx_hal_rcc.c ****       break;
 1244              		.loc 1 902 20 view .LVU393
 1245 0092 0348     		ldr	r0, .L116+4
 1246 0094 D7E7     		b	.L109
 1247              	.L114:
 893:Drivers/STM32F4xx_HAL_Driver/Src/stm32f4xx_hal_rcc.c ****   {
 1248              		.loc 1 893 3 view .LVU394
 1249 0096 0348     		ldr	r0, .L116+8
 1250              	.LVL82:
 931:Drivers/STM32F4xx_HAL_Driver/Src/stm32f4xx_hal_rcc.c **** }
 1251              		.loc 1 931 3 is_stmt 1 view .LVU395
 931:Drivers/STM32F4xx_HAL_Driver/Src/stm32f4xx_hal_rcc.c **** }
 1252              		.loc 1 931 10 is_stmt 0 view .LVU396
 1253 0098 D5E7     		b	.L109
 1254              	.L117:
 1255 009a 00BF     		.align	2
 1256              	.L116:
 1257 009c 00380240 		.word	1073887232
 1258 00a0 40787D01 		.word	25000000
 1259 00a4 0024F400 		.word	16000000
 1260              		.cfi_endproc
 1261              	.LFE140:
ARM GAS  C:\Users\colle\AppData\Local\Temp\cchQjEtO.s 			page 42


 1263              		.section	.text.HAL_RCC_ClockConfig,"ax",%progbits
 1264              		.align	1
 1265              		.global	HAL_RCC_ClockConfig
 1266              		.syntax unified
 1267              		.thumb
 1268              		.thumb_func
 1270              	HAL_RCC_ClockConfig:
 1271              	.LVL83:
 1272              	.LFB136:
 592:Drivers/STM32F4xx_HAL_Driver/Src/stm32f4xx_hal_rcc.c ****   uint32_t tickstart;
 1273              		.loc 1 592 1 is_stmt 1 view -0
 1274              		.cfi_startproc
 1275              		@ args = 0, pretend = 0, frame = 0
 1276              		@ frame_needed = 0, uses_anonymous_args = 0
 593:Drivers/STM32F4xx_HAL_Driver/Src/stm32f4xx_hal_rcc.c **** 
 1277              		.loc 1 593 3 view .LVU398
 596:Drivers/STM32F4xx_HAL_Driver/Src/stm32f4xx_hal_rcc.c ****   {
 1278              		.loc 1 596 3 view .LVU399
 596:Drivers/STM32F4xx_HAL_Driver/Src/stm32f4xx_hal_rcc.c ****   {
 1279              		.loc 1 596 6 is_stmt 0 view .LVU400
 1280 0000 0028     		cmp	r0, #0
 1281 0002 00F09B80 		beq	.L133
 592:Drivers/STM32F4xx_HAL_Driver/Src/stm32f4xx_hal_rcc.c ****   uint32_t tickstart;
 1282              		.loc 1 592 1 view .LVU401
 1283 0006 70B5     		push	{r4, r5, r6, lr}
 1284              		.cfi_def_cfa_offset 16
 1285              		.cfi_offset 4, -16
 1286              		.cfi_offset 5, -12
 1287              		.cfi_offset 6, -8
 1288              		.cfi_offset 14, -4
 1289 0008 0D46     		mov	r5, r1
 1290 000a 0446     		mov	r4, r0
 602:Drivers/STM32F4xx_HAL_Driver/Src/stm32f4xx_hal_rcc.c ****   assert_param(IS_FLASH_LATENCY(FLatency));
 1291              		.loc 1 602 3 is_stmt 1 view .LVU402
 603:Drivers/STM32F4xx_HAL_Driver/Src/stm32f4xx_hal_rcc.c **** 
 1292              		.loc 1 603 3 view .LVU403
 610:Drivers/STM32F4xx_HAL_Driver/Src/stm32f4xx_hal_rcc.c ****   {
 1293              		.loc 1 610 3 view .LVU404
 610:Drivers/STM32F4xx_HAL_Driver/Src/stm32f4xx_hal_rcc.c ****   {
 1294              		.loc 1 610 18 is_stmt 0 view .LVU405
 1295 000c 4F4B     		ldr	r3, .L146
 1296 000e 1B68     		ldr	r3, [r3]
 1297 0010 03F00703 		and	r3, r3, #7
 610:Drivers/STM32F4xx_HAL_Driver/Src/stm32f4xx_hal_rcc.c ****   {
 1298              		.loc 1 610 6 view .LVU406
 1299 0014 8B42     		cmp	r3, r1
 1300 0016 08D2     		bcs	.L120
 613:Drivers/STM32F4xx_HAL_Driver/Src/stm32f4xx_hal_rcc.c **** 
 1301              		.loc 1 613 5 is_stmt 1 view .LVU407
 1302 0018 CBB2     		uxtb	r3, r1
 1303 001a 4C4A     		ldr	r2, .L146
 1304 001c 1370     		strb	r3, [r2]
 617:Drivers/STM32F4xx_HAL_Driver/Src/stm32f4xx_hal_rcc.c ****     {
 1305              		.loc 1 617 5 view .LVU408
 617:Drivers/STM32F4xx_HAL_Driver/Src/stm32f4xx_hal_rcc.c ****     {
 1306              		.loc 1 617 9 is_stmt 0 view .LVU409
 1307 001e 1368     		ldr	r3, [r2]
ARM GAS  C:\Users\colle\AppData\Local\Temp\cchQjEtO.s 			page 43


 1308 0020 03F00703 		and	r3, r3, #7
 617:Drivers/STM32F4xx_HAL_Driver/Src/stm32f4xx_hal_rcc.c ****     {
 1309              		.loc 1 617 8 view .LVU410
 1310 0024 8B42     		cmp	r3, r1
 1311 0026 40F08B80 		bne	.L134
 1312              	.L120:
 624:Drivers/STM32F4xx_HAL_Driver/Src/stm32f4xx_hal_rcc.c ****   {
 1313              		.loc 1 624 3 is_stmt 1 view .LVU411
 624:Drivers/STM32F4xx_HAL_Driver/Src/stm32f4xx_hal_rcc.c ****   {
 1314              		.loc 1 624 26 is_stmt 0 view .LVU412
 1315 002a 2368     		ldr	r3, [r4]
 624:Drivers/STM32F4xx_HAL_Driver/Src/stm32f4xx_hal_rcc.c ****   {
 1316              		.loc 1 624 6 view .LVU413
 1317 002c 13F0020F 		tst	r3, #2
 1318 0030 17D0     		beq	.L121
 628:Drivers/STM32F4xx_HAL_Driver/Src/stm32f4xx_hal_rcc.c ****     {
 1319              		.loc 1 628 5 is_stmt 1 view .LVU414
 628:Drivers/STM32F4xx_HAL_Driver/Src/stm32f4xx_hal_rcc.c ****     {
 1320              		.loc 1 628 8 is_stmt 0 view .LVU415
 1321 0032 13F0040F 		tst	r3, #4
 1322 0036 04D0     		beq	.L122
 630:Drivers/STM32F4xx_HAL_Driver/Src/stm32f4xx_hal_rcc.c ****     }
 1323              		.loc 1 630 7 is_stmt 1 view .LVU416
 1324 0038 454A     		ldr	r2, .L146+4
 1325 003a 9368     		ldr	r3, [r2, #8]
 1326 003c 43F4E053 		orr	r3, r3, #7168
 1327 0040 9360     		str	r3, [r2, #8]
 1328              	.L122:
 633:Drivers/STM32F4xx_HAL_Driver/Src/stm32f4xx_hal_rcc.c ****     {
 1329              		.loc 1 633 5 view .LVU417
 633:Drivers/STM32F4xx_HAL_Driver/Src/stm32f4xx_hal_rcc.c ****     {
 1330              		.loc 1 633 28 is_stmt 0 view .LVU418
 1331 0042 2368     		ldr	r3, [r4]
 633:Drivers/STM32F4xx_HAL_Driver/Src/stm32f4xx_hal_rcc.c ****     {
 1332              		.loc 1 633 8 view .LVU419
 1333 0044 13F0080F 		tst	r3, #8
 1334 0048 04D0     		beq	.L123
 635:Drivers/STM32F4xx_HAL_Driver/Src/stm32f4xx_hal_rcc.c ****     }
 1335              		.loc 1 635 7 is_stmt 1 view .LVU420
 1336 004a 414A     		ldr	r2, .L146+4
 1337 004c 9368     		ldr	r3, [r2, #8]
 1338 004e 43F46043 		orr	r3, r3, #57344
 1339 0052 9360     		str	r3, [r2, #8]
 1340              	.L123:
 638:Drivers/STM32F4xx_HAL_Driver/Src/stm32f4xx_hal_rcc.c ****     MODIFY_REG(RCC->CFGR, RCC_CFGR_HPRE, RCC_ClkInitStruct->AHBCLKDivider);
 1341              		.loc 1 638 5 view .LVU421
 639:Drivers/STM32F4xx_HAL_Driver/Src/stm32f4xx_hal_rcc.c ****   }
 1342              		.loc 1 639 5 view .LVU422
 1343 0054 3E4A     		ldr	r2, .L146+4
 1344 0056 9368     		ldr	r3, [r2, #8]
 1345 0058 23F0F003 		bic	r3, r3, #240
 1346 005c A168     		ldr	r1, [r4, #8]
 1347              	.LVL84:
 639:Drivers/STM32F4xx_HAL_Driver/Src/stm32f4xx_hal_rcc.c ****   }
 1348              		.loc 1 639 5 is_stmt 0 view .LVU423
 1349 005e 0B43     		orrs	r3, r3, r1
 1350 0060 9360     		str	r3, [r2, #8]
ARM GAS  C:\Users\colle\AppData\Local\Temp\cchQjEtO.s 			page 44


 1351              	.L121:
 643:Drivers/STM32F4xx_HAL_Driver/Src/stm32f4xx_hal_rcc.c ****   {
 1352              		.loc 1 643 3 is_stmt 1 view .LVU424
 643:Drivers/STM32F4xx_HAL_Driver/Src/stm32f4xx_hal_rcc.c ****   {
 1353              		.loc 1 643 26 is_stmt 0 view .LVU425
 1354 0062 2368     		ldr	r3, [r4]
 643:Drivers/STM32F4xx_HAL_Driver/Src/stm32f4xx_hal_rcc.c ****   {
 1355              		.loc 1 643 6 view .LVU426
 1356 0064 13F0010F 		tst	r3, #1
 1357 0068 32D0     		beq	.L124
 645:Drivers/STM32F4xx_HAL_Driver/Src/stm32f4xx_hal_rcc.c **** 
 1358              		.loc 1 645 5 is_stmt 1 view .LVU427
 648:Drivers/STM32F4xx_HAL_Driver/Src/stm32f4xx_hal_rcc.c ****     {
 1359              		.loc 1 648 5 view .LVU428
 648:Drivers/STM32F4xx_HAL_Driver/Src/stm32f4xx_hal_rcc.c ****     {
 1360              		.loc 1 648 26 is_stmt 0 view .LVU429
 1361 006a 6368     		ldr	r3, [r4, #4]
 648:Drivers/STM32F4xx_HAL_Driver/Src/stm32f4xx_hal_rcc.c ****     {
 1362              		.loc 1 648 8 view .LVU430
 1363 006c 012B     		cmp	r3, #1
 1364 006e 21D0     		beq	.L144
 657:Drivers/STM32F4xx_HAL_Driver/Src/stm32f4xx_hal_rcc.c ****              (RCC_ClkInitStruct->SYSCLKSource == RCC_SYSCLKSOURCE_PLLRCLK))
 1365              		.loc 1 657 10 is_stmt 1 view .LVU431
 657:Drivers/STM32F4xx_HAL_Driver/Src/stm32f4xx_hal_rcc.c ****              (RCC_ClkInitStruct->SYSCLKSource == RCC_SYSCLKSOURCE_PLLRCLK))
 1366              		.loc 1 657 77 is_stmt 0 view .LVU432
 1367 0070 9A1E     		subs	r2, r3, #2
 657:Drivers/STM32F4xx_HAL_Driver/Src/stm32f4xx_hal_rcc.c ****              (RCC_ClkInitStruct->SYSCLKSource == RCC_SYSCLKSOURCE_PLLRCLK))
 1368              		.loc 1 657 13 view .LVU433
 1369 0072 012A     		cmp	r2, #1
 1370 0074 25D9     		bls	.L145
 670:Drivers/STM32F4xx_HAL_Driver/Src/stm32f4xx_hal_rcc.c ****       {
 1371              		.loc 1 670 7 is_stmt 1 view .LVU434
 670:Drivers/STM32F4xx_HAL_Driver/Src/stm32f4xx_hal_rcc.c ****       {
 1372              		.loc 1 670 11 is_stmt 0 view .LVU435
 1373 0076 364A     		ldr	r2, .L146+4
 1374 0078 1268     		ldr	r2, [r2]
 670:Drivers/STM32F4xx_HAL_Driver/Src/stm32f4xx_hal_rcc.c ****       {
 1375              		.loc 1 670 10 view .LVU436
 1376 007a 12F0020F 		tst	r2, #2
 1377 007e 61D0     		beq	.L137
 1378              	.L126:
 676:Drivers/STM32F4xx_HAL_Driver/Src/stm32f4xx_hal_rcc.c **** 
 1379              		.loc 1 676 5 is_stmt 1 view .LVU437
 1380 0080 3349     		ldr	r1, .L146+4
 1381 0082 8A68     		ldr	r2, [r1, #8]
 1382 0084 22F00302 		bic	r2, r2, #3
 1383 0088 1343     		orrs	r3, r3, r2
 1384 008a 8B60     		str	r3, [r1, #8]
 679:Drivers/STM32F4xx_HAL_Driver/Src/stm32f4xx_hal_rcc.c **** 
 1385              		.loc 1 679 5 view .LVU438
 679:Drivers/STM32F4xx_HAL_Driver/Src/stm32f4xx_hal_rcc.c **** 
 1386              		.loc 1 679 17 is_stmt 0 view .LVU439
 1387 008c FFF7FEFF 		bl	HAL_GetTick
 1388              	.LVL85:
 679:Drivers/STM32F4xx_HAL_Driver/Src/stm32f4xx_hal_rcc.c **** 
 1389              		.loc 1 679 17 view .LVU440
 1390 0090 0646     		mov	r6, r0
ARM GAS  C:\Users\colle\AppData\Local\Temp\cchQjEtO.s 			page 45


 1391              	.LVL86:
 681:Drivers/STM32F4xx_HAL_Driver/Src/stm32f4xx_hal_rcc.c ****     {
 1392              		.loc 1 681 5 is_stmt 1 view .LVU441
 1393              	.L128:
 681:Drivers/STM32F4xx_HAL_Driver/Src/stm32f4xx_hal_rcc.c ****     {
 1394              		.loc 1 681 42 view .LVU442
 681:Drivers/STM32F4xx_HAL_Driver/Src/stm32f4xx_hal_rcc.c ****     {
 1395              		.loc 1 681 12 is_stmt 0 view .LVU443
 1396 0092 2F4B     		ldr	r3, .L146+4
 1397 0094 9B68     		ldr	r3, [r3, #8]
 1398 0096 03F00C03 		and	r3, r3, #12
 681:Drivers/STM32F4xx_HAL_Driver/Src/stm32f4xx_hal_rcc.c ****     {
 1399              		.loc 1 681 63 view .LVU444
 1400 009a 6268     		ldr	r2, [r4, #4]
 681:Drivers/STM32F4xx_HAL_Driver/Src/stm32f4xx_hal_rcc.c ****     {
 1401              		.loc 1 681 42 view .LVU445
 1402 009c B3EB820F 		cmp	r3, r2, lsl #2
 1403 00a0 16D0     		beq	.L124
 683:Drivers/STM32F4xx_HAL_Driver/Src/stm32f4xx_hal_rcc.c ****       {
 1404              		.loc 1 683 7 is_stmt 1 view .LVU446
 683:Drivers/STM32F4xx_HAL_Driver/Src/stm32f4xx_hal_rcc.c ****       {
 1405              		.loc 1 683 12 is_stmt 0 view .LVU447
 1406 00a2 FFF7FEFF 		bl	HAL_GetTick
 1407              	.LVL87:
 683:Drivers/STM32F4xx_HAL_Driver/Src/stm32f4xx_hal_rcc.c ****       {
 1408              		.loc 1 683 26 discriminator 1 view .LVU448
 1409 00a6 801B     		subs	r0, r0, r6
 683:Drivers/STM32F4xx_HAL_Driver/Src/stm32f4xx_hal_rcc.c ****       {
 1410              		.loc 1 683 10 discriminator 1 view .LVU449
 1411 00a8 41F28833 		movw	r3, #5000
 1412 00ac 9842     		cmp	r0, r3
 1413 00ae F0D9     		bls	.L128
 685:Drivers/STM32F4xx_HAL_Driver/Src/stm32f4xx_hal_rcc.c ****       }
 1414              		.loc 1 685 16 view .LVU450
 1415 00b0 0320     		movs	r0, #3
 1416 00b2 42E0     		b	.L119
 1417              	.LVL88:
 1418              	.L144:
 651:Drivers/STM32F4xx_HAL_Driver/Src/stm32f4xx_hal_rcc.c ****       {
 1419              		.loc 1 651 7 is_stmt 1 view .LVU451
 651:Drivers/STM32F4xx_HAL_Driver/Src/stm32f4xx_hal_rcc.c ****       {
 1420              		.loc 1 651 11 is_stmt 0 view .LVU452
 1421 00b4 264A     		ldr	r2, .L146+4
 1422 00b6 1268     		ldr	r2, [r2]
 651:Drivers/STM32F4xx_HAL_Driver/Src/stm32f4xx_hal_rcc.c ****       {
 1423              		.loc 1 651 10 view .LVU453
 1424 00b8 12F4003F 		tst	r2, #131072
 1425 00bc E0D1     		bne	.L126
 653:Drivers/STM32F4xx_HAL_Driver/Src/stm32f4xx_hal_rcc.c ****       }
 1426              		.loc 1 653 16 view .LVU454
 1427 00be 0120     		movs	r0, #1
 1428              	.LVL89:
 653:Drivers/STM32F4xx_HAL_Driver/Src/stm32f4xx_hal_rcc.c ****       }
 1429              		.loc 1 653 16 view .LVU455
 1430 00c0 3BE0     		b	.L119
 1431              	.LVL90:
 1432              	.L145:
ARM GAS  C:\Users\colle\AppData\Local\Temp\cchQjEtO.s 			page 46


 661:Drivers/STM32F4xx_HAL_Driver/Src/stm32f4xx_hal_rcc.c ****       {
 1433              		.loc 1 661 7 is_stmt 1 view .LVU456
 661:Drivers/STM32F4xx_HAL_Driver/Src/stm32f4xx_hal_rcc.c ****       {
 1434              		.loc 1 661 11 is_stmt 0 view .LVU457
 1435 00c2 234A     		ldr	r2, .L146+4
 1436 00c4 1268     		ldr	r2, [r2]
 661:Drivers/STM32F4xx_HAL_Driver/Src/stm32f4xx_hal_rcc.c ****       {
 1437              		.loc 1 661 10 view .LVU458
 1438 00c6 12F0007F 		tst	r2, #33554432
 1439 00ca D9D1     		bne	.L126
 663:Drivers/STM32F4xx_HAL_Driver/Src/stm32f4xx_hal_rcc.c ****       }
 1440              		.loc 1 663 16 view .LVU459
 1441 00cc 0120     		movs	r0, #1
 1442              	.LVL91:
 663:Drivers/STM32F4xx_HAL_Driver/Src/stm32f4xx_hal_rcc.c ****       }
 1443              		.loc 1 663 16 view .LVU460
 1444 00ce 34E0     		b	.L119
 1445              	.L124:
 691:Drivers/STM32F4xx_HAL_Driver/Src/stm32f4xx_hal_rcc.c ****   {
 1446              		.loc 1 691 3 is_stmt 1 view .LVU461
 691:Drivers/STM32F4xx_HAL_Driver/Src/stm32f4xx_hal_rcc.c ****   {
 1447              		.loc 1 691 18 is_stmt 0 view .LVU462
 1448 00d0 1E4B     		ldr	r3, .L146
 1449 00d2 1B68     		ldr	r3, [r3]
 1450 00d4 03F00703 		and	r3, r3, #7
 691:Drivers/STM32F4xx_HAL_Driver/Src/stm32f4xx_hal_rcc.c ****   {
 1451              		.loc 1 691 6 view .LVU463
 1452 00d8 AB42     		cmp	r3, r5
 1453 00da 07D9     		bls	.L130
 694:Drivers/STM32F4xx_HAL_Driver/Src/stm32f4xx_hal_rcc.c **** 
 1454              		.loc 1 694 5 is_stmt 1 view .LVU464
 1455 00dc EAB2     		uxtb	r2, r5
 1456 00de 1B4B     		ldr	r3, .L146
 1457 00e0 1A70     		strb	r2, [r3]
 698:Drivers/STM32F4xx_HAL_Driver/Src/stm32f4xx_hal_rcc.c ****     {
 1458              		.loc 1 698 5 view .LVU465
 698:Drivers/STM32F4xx_HAL_Driver/Src/stm32f4xx_hal_rcc.c ****     {
 1459              		.loc 1 698 9 is_stmt 0 view .LVU466
 1460 00e2 1B68     		ldr	r3, [r3]
 1461 00e4 03F00703 		and	r3, r3, #7
 698:Drivers/STM32F4xx_HAL_Driver/Src/stm32f4xx_hal_rcc.c ****     {
 1462              		.loc 1 698 8 view .LVU467
 1463 00e8 AB42     		cmp	r3, r5
 1464 00ea 2DD1     		bne	.L139
 1465              	.L130:
 705:Drivers/STM32F4xx_HAL_Driver/Src/stm32f4xx_hal_rcc.c ****   {
 1466              		.loc 1 705 3 is_stmt 1 view .LVU468
 705:Drivers/STM32F4xx_HAL_Driver/Src/stm32f4xx_hal_rcc.c ****   {
 1467              		.loc 1 705 26 is_stmt 0 view .LVU469
 1468 00ec 2368     		ldr	r3, [r4]
 705:Drivers/STM32F4xx_HAL_Driver/Src/stm32f4xx_hal_rcc.c ****   {
 1469              		.loc 1 705 6 view .LVU470
 1470 00ee 13F0040F 		tst	r3, #4
 1471 00f2 06D0     		beq	.L131
 707:Drivers/STM32F4xx_HAL_Driver/Src/stm32f4xx_hal_rcc.c ****     MODIFY_REG(RCC->CFGR, RCC_CFGR_PPRE1, RCC_ClkInitStruct->APB1CLKDivider);
 1472              		.loc 1 707 5 is_stmt 1 view .LVU471
 708:Drivers/STM32F4xx_HAL_Driver/Src/stm32f4xx_hal_rcc.c ****   }
ARM GAS  C:\Users\colle\AppData\Local\Temp\cchQjEtO.s 			page 47


 1473              		.loc 1 708 5 view .LVU472
 1474 00f4 164A     		ldr	r2, .L146+4
 1475 00f6 9368     		ldr	r3, [r2, #8]
 1476 00f8 23F4E053 		bic	r3, r3, #7168
 1477 00fc E168     		ldr	r1, [r4, #12]
 1478 00fe 0B43     		orrs	r3, r3, r1
 1479 0100 9360     		str	r3, [r2, #8]
 1480              	.L131:
 712:Drivers/STM32F4xx_HAL_Driver/Src/stm32f4xx_hal_rcc.c ****   {
 1481              		.loc 1 712 3 view .LVU473
 712:Drivers/STM32F4xx_HAL_Driver/Src/stm32f4xx_hal_rcc.c ****   {
 1482              		.loc 1 712 26 is_stmt 0 view .LVU474
 1483 0102 2368     		ldr	r3, [r4]
 712:Drivers/STM32F4xx_HAL_Driver/Src/stm32f4xx_hal_rcc.c ****   {
 1484              		.loc 1 712 6 view .LVU475
 1485 0104 13F0080F 		tst	r3, #8
 1486 0108 07D0     		beq	.L132
 714:Drivers/STM32F4xx_HAL_Driver/Src/stm32f4xx_hal_rcc.c ****     MODIFY_REG(RCC->CFGR, RCC_CFGR_PPRE2, ((RCC_ClkInitStruct->APB2CLKDivider) << 3U));
 1487              		.loc 1 714 5 is_stmt 1 view .LVU476
 715:Drivers/STM32F4xx_HAL_Driver/Src/stm32f4xx_hal_rcc.c ****   }
 1488              		.loc 1 715 5 view .LVU477
 1489 010a 114A     		ldr	r2, .L146+4
 1490 010c 9368     		ldr	r3, [r2, #8]
 1491 010e 23F46043 		bic	r3, r3, #57344
 1492 0112 2169     		ldr	r1, [r4, #16]
 1493 0114 43EAC103 		orr	r3, r3, r1, lsl #3
 1494 0118 9360     		str	r3, [r2, #8]
 1495              	.L132:
 719:Drivers/STM32F4xx_HAL_Driver/Src/stm32f4xx_hal_rcc.c **** 
 1496              		.loc 1 719 3 view .LVU478
 719:Drivers/STM32F4xx_HAL_Driver/Src/stm32f4xx_hal_rcc.c **** 
 1497              		.loc 1 719 21 is_stmt 0 view .LVU479
 1498 011a FFF7FEFF 		bl	HAL_RCC_GetSysClockFreq
 1499              	.LVL92:
 719:Drivers/STM32F4xx_HAL_Driver/Src/stm32f4xx_hal_rcc.c **** 
 1500              		.loc 1 719 68 discriminator 1 view .LVU480
 1501 011e 0C4B     		ldr	r3, .L146+4
 1502 0120 9B68     		ldr	r3, [r3, #8]
 719:Drivers/STM32F4xx_HAL_Driver/Src/stm32f4xx_hal_rcc.c **** 
 1503              		.loc 1 719 92 discriminator 1 view .LVU481
 1504 0122 C3F30313 		ubfx	r3, r3, #4, #4
 719:Drivers/STM32F4xx_HAL_Driver/Src/stm32f4xx_hal_rcc.c **** 
 1505              		.loc 1 719 63 discriminator 1 view .LVU482
 1506 0126 0B4A     		ldr	r2, .L146+8
 1507 0128 D35C     		ldrb	r3, [r2, r3]	@ zero_extendqisi2
 719:Drivers/STM32F4xx_HAL_Driver/Src/stm32f4xx_hal_rcc.c **** 
 1508              		.loc 1 719 47 discriminator 1 view .LVU483
 1509 012a D840     		lsrs	r0, r0, r3
 719:Drivers/STM32F4xx_HAL_Driver/Src/stm32f4xx_hal_rcc.c **** 
 1510              		.loc 1 719 19 discriminator 1 view .LVU484
 1511 012c 0A4B     		ldr	r3, .L146+12
 1512 012e 1860     		str	r0, [r3]
 722:Drivers/STM32F4xx_HAL_Driver/Src/stm32f4xx_hal_rcc.c **** 
 1513              		.loc 1 722 3 is_stmt 1 view .LVU485
 1514 0130 0A4B     		ldr	r3, .L146+16
 1515 0132 1868     		ldr	r0, [r3]
 1516 0134 FFF7FEFF 		bl	HAL_InitTick
ARM GAS  C:\Users\colle\AppData\Local\Temp\cchQjEtO.s 			page 48


 1517              	.LVL93:
 724:Drivers/STM32F4xx_HAL_Driver/Src/stm32f4xx_hal_rcc.c **** }
 1518              		.loc 1 724 3 view .LVU486
 724:Drivers/STM32F4xx_HAL_Driver/Src/stm32f4xx_hal_rcc.c **** }
 1519              		.loc 1 724 10 is_stmt 0 view .LVU487
 1520 0138 0020     		movs	r0, #0
 1521              	.L119:
 725:Drivers/STM32F4xx_HAL_Driver/Src/stm32f4xx_hal_rcc.c **** 
 1522              		.loc 1 725 1 view .LVU488
 1523 013a 70BD     		pop	{r4, r5, r6, pc}
 1524              	.LVL94:
 1525              	.L133:
 1526              		.cfi_def_cfa_offset 0
 1527              		.cfi_restore 4
 1528              		.cfi_restore 5
 1529              		.cfi_restore 6
 1530              		.cfi_restore 14
 598:Drivers/STM32F4xx_HAL_Driver/Src/stm32f4xx_hal_rcc.c ****   }
 1531              		.loc 1 598 12 view .LVU489
 1532 013c 0120     		movs	r0, #1
 1533              	.LVL95:
 725:Drivers/STM32F4xx_HAL_Driver/Src/stm32f4xx_hal_rcc.c **** 
 1534              		.loc 1 725 1 view .LVU490
 1535 013e 7047     		bx	lr
 1536              	.LVL96:
 1537              	.L134:
 1538              		.cfi_def_cfa_offset 16
 1539              		.cfi_offset 4, -16
 1540              		.cfi_offset 5, -12
 1541              		.cfi_offset 6, -8
 1542              		.cfi_offset 14, -4
 619:Drivers/STM32F4xx_HAL_Driver/Src/stm32f4xx_hal_rcc.c ****     }
 1543              		.loc 1 619 14 view .LVU491
 1544 0140 0120     		movs	r0, #1
 1545              	.LVL97:
 619:Drivers/STM32F4xx_HAL_Driver/Src/stm32f4xx_hal_rcc.c ****     }
 1546              		.loc 1 619 14 view .LVU492
 1547 0142 FAE7     		b	.L119
 1548              	.LVL98:
 1549              	.L137:
 672:Drivers/STM32F4xx_HAL_Driver/Src/stm32f4xx_hal_rcc.c ****       }
 1550              		.loc 1 672 16 view .LVU493
 1551 0144 0120     		movs	r0, #1
 1552              	.LVL99:
 672:Drivers/STM32F4xx_HAL_Driver/Src/stm32f4xx_hal_rcc.c ****       }
 1553              		.loc 1 672 16 view .LVU494
 1554 0146 F8E7     		b	.L119
 1555              	.L139:
 700:Drivers/STM32F4xx_HAL_Driver/Src/stm32f4xx_hal_rcc.c ****     }
 1556              		.loc 1 700 14 view .LVU495
 1557 0148 0120     		movs	r0, #1
 1558 014a F6E7     		b	.L119
 1559              	.L147:
 1560              		.align	2
 1561              	.L146:
 1562 014c 003C0240 		.word	1073888256
 1563 0150 00380240 		.word	1073887232
ARM GAS  C:\Users\colle\AppData\Local\Temp\cchQjEtO.s 			page 49


 1564 0154 00000000 		.word	AHBPrescTable
 1565 0158 00000000 		.word	SystemCoreClock
 1566 015c 00000000 		.word	uwTickPrio
 1567              		.cfi_endproc
 1568              	.LFE136:
 1570              		.section	.text.HAL_RCC_GetHCLKFreq,"ax",%progbits
 1571              		.align	1
 1572              		.global	HAL_RCC_GetHCLKFreq
 1573              		.syntax unified
 1574              		.thumb
 1575              		.thumb_func
 1577              	HAL_RCC_GetHCLKFreq:
 1578              	.LFB141:
 933:Drivers/STM32F4xx_HAL_Driver/Src/stm32f4xx_hal_rcc.c **** 
 934:Drivers/STM32F4xx_HAL_Driver/Src/stm32f4xx_hal_rcc.c **** /**
 935:Drivers/STM32F4xx_HAL_Driver/Src/stm32f4xx_hal_rcc.c ****   * @brief  Returns the HCLK frequency
 936:Drivers/STM32F4xx_HAL_Driver/Src/stm32f4xx_hal_rcc.c ****   * @note   Each time HCLK changes, this function must be called to update the
 937:Drivers/STM32F4xx_HAL_Driver/Src/stm32f4xx_hal_rcc.c ****   *         right HCLK value. Otherwise, any configuration based on this function will be incorrect
 938:Drivers/STM32F4xx_HAL_Driver/Src/stm32f4xx_hal_rcc.c ****   *
 939:Drivers/STM32F4xx_HAL_Driver/Src/stm32f4xx_hal_rcc.c ****   * @note   The SystemCoreClock CMSIS variable is used to store System Clock Frequency
 940:Drivers/STM32F4xx_HAL_Driver/Src/stm32f4xx_hal_rcc.c ****   *         and updated within this function
 941:Drivers/STM32F4xx_HAL_Driver/Src/stm32f4xx_hal_rcc.c ****   * @retval HCLK frequency
 942:Drivers/STM32F4xx_HAL_Driver/Src/stm32f4xx_hal_rcc.c ****   */
 943:Drivers/STM32F4xx_HAL_Driver/Src/stm32f4xx_hal_rcc.c **** uint32_t HAL_RCC_GetHCLKFreq(void)
 944:Drivers/STM32F4xx_HAL_Driver/Src/stm32f4xx_hal_rcc.c **** {
 1579              		.loc 1 944 1 is_stmt 1 view -0
 1580              		.cfi_startproc
 1581              		@ args = 0, pretend = 0, frame = 0
 1582              		@ frame_needed = 0, uses_anonymous_args = 0
 1583              		@ link register save eliminated.
 945:Drivers/STM32F4xx_HAL_Driver/Src/stm32f4xx_hal_rcc.c ****   return SystemCoreClock;
 1584              		.loc 1 945 3 view .LVU497
 946:Drivers/STM32F4xx_HAL_Driver/Src/stm32f4xx_hal_rcc.c **** }
 1585              		.loc 1 946 1 is_stmt 0 view .LVU498
 1586 0000 014B     		ldr	r3, .L149
 1587 0002 1868     		ldr	r0, [r3]
 1588 0004 7047     		bx	lr
 1589              	.L150:
 1590 0006 00BF     		.align	2
 1591              	.L149:
 1592 0008 00000000 		.word	SystemCoreClock
 1593              		.cfi_endproc
 1594              	.LFE141:
 1596              		.section	.text.HAL_RCC_GetPCLK1Freq,"ax",%progbits
 1597              		.align	1
 1598              		.global	HAL_RCC_GetPCLK1Freq
 1599              		.syntax unified
 1600              		.thumb
 1601              		.thumb_func
 1603              	HAL_RCC_GetPCLK1Freq:
 1604              	.LFB142:
 947:Drivers/STM32F4xx_HAL_Driver/Src/stm32f4xx_hal_rcc.c **** 
 948:Drivers/STM32F4xx_HAL_Driver/Src/stm32f4xx_hal_rcc.c **** /**
 949:Drivers/STM32F4xx_HAL_Driver/Src/stm32f4xx_hal_rcc.c ****   * @brief  Returns the PCLK1 frequency
 950:Drivers/STM32F4xx_HAL_Driver/Src/stm32f4xx_hal_rcc.c ****   * @note   Each time PCLK1 changes, this function must be called to update the
 951:Drivers/STM32F4xx_HAL_Driver/Src/stm32f4xx_hal_rcc.c ****   *         right PCLK1 value. Otherwise, any configuration based on this function will be incorrec
 952:Drivers/STM32F4xx_HAL_Driver/Src/stm32f4xx_hal_rcc.c ****   * @retval PCLK1 frequency
ARM GAS  C:\Users\colle\AppData\Local\Temp\cchQjEtO.s 			page 50


 953:Drivers/STM32F4xx_HAL_Driver/Src/stm32f4xx_hal_rcc.c ****   */
 954:Drivers/STM32F4xx_HAL_Driver/Src/stm32f4xx_hal_rcc.c **** uint32_t HAL_RCC_GetPCLK1Freq(void)
 955:Drivers/STM32F4xx_HAL_Driver/Src/stm32f4xx_hal_rcc.c **** {
 1605              		.loc 1 955 1 is_stmt 1 view -0
 1606              		.cfi_startproc
 1607              		@ args = 0, pretend = 0, frame = 0
 1608              		@ frame_needed = 0, uses_anonymous_args = 0
 1609 0000 08B5     		push	{r3, lr}
 1610              		.cfi_def_cfa_offset 8
 1611              		.cfi_offset 3, -8
 1612              		.cfi_offset 14, -4
 956:Drivers/STM32F4xx_HAL_Driver/Src/stm32f4xx_hal_rcc.c ****   /* Get HCLK source and Compute PCLK1 frequency ---------------------------*/
 957:Drivers/STM32F4xx_HAL_Driver/Src/stm32f4xx_hal_rcc.c ****   return (HAL_RCC_GetHCLKFreq() >> APBPrescTable[(RCC->CFGR & RCC_CFGR_PPRE1) >> RCC_CFGR_PPRE1_Pos
 1613              		.loc 1 957 3 view .LVU500
 1614              		.loc 1 957 11 is_stmt 0 view .LVU501
 1615 0002 FFF7FEFF 		bl	HAL_RCC_GetHCLKFreq
 1616              	.LVL100:
 1617              		.loc 1 957 54 discriminator 1 view .LVU502
 1618 0006 044B     		ldr	r3, .L153
 1619 0008 9B68     		ldr	r3, [r3, #8]
 1620              		.loc 1 957 79 discriminator 1 view .LVU503
 1621 000a C3F38223 		ubfx	r3, r3, #10, #3
 1622              		.loc 1 957 49 discriminator 1 view .LVU504
 1623 000e 034A     		ldr	r2, .L153+4
 1624 0010 D35C     		ldrb	r3, [r2, r3]	@ zero_extendqisi2
 958:Drivers/STM32F4xx_HAL_Driver/Src/stm32f4xx_hal_rcc.c **** }
 1625              		.loc 1 958 1 view .LVU505
 1626 0012 D840     		lsrs	r0, r0, r3
 1627 0014 08BD     		pop	{r3, pc}
 1628              	.L154:
 1629 0016 00BF     		.align	2
 1630              	.L153:
 1631 0018 00380240 		.word	1073887232
 1632 001c 00000000 		.word	APBPrescTable
 1633              		.cfi_endproc
 1634              	.LFE142:
 1636              		.section	.text.HAL_RCC_GetPCLK2Freq,"ax",%progbits
 1637              		.align	1
 1638              		.global	HAL_RCC_GetPCLK2Freq
 1639              		.syntax unified
 1640              		.thumb
 1641              		.thumb_func
 1643              	HAL_RCC_GetPCLK2Freq:
 1644              	.LFB143:
 959:Drivers/STM32F4xx_HAL_Driver/Src/stm32f4xx_hal_rcc.c **** 
 960:Drivers/STM32F4xx_HAL_Driver/Src/stm32f4xx_hal_rcc.c **** /**
 961:Drivers/STM32F4xx_HAL_Driver/Src/stm32f4xx_hal_rcc.c ****   * @brief  Returns the PCLK2 frequency
 962:Drivers/STM32F4xx_HAL_Driver/Src/stm32f4xx_hal_rcc.c ****   * @note   Each time PCLK2 changes, this function must be called to update the
 963:Drivers/STM32F4xx_HAL_Driver/Src/stm32f4xx_hal_rcc.c ****   *         right PCLK2 value. Otherwise, any configuration based on this function will be incorrec
 964:Drivers/STM32F4xx_HAL_Driver/Src/stm32f4xx_hal_rcc.c ****   * @retval PCLK2 frequency
 965:Drivers/STM32F4xx_HAL_Driver/Src/stm32f4xx_hal_rcc.c ****   */
 966:Drivers/STM32F4xx_HAL_Driver/Src/stm32f4xx_hal_rcc.c **** uint32_t HAL_RCC_GetPCLK2Freq(void)
 967:Drivers/STM32F4xx_HAL_Driver/Src/stm32f4xx_hal_rcc.c **** {
 1645              		.loc 1 967 1 is_stmt 1 view -0
 1646              		.cfi_startproc
 1647              		@ args = 0, pretend = 0, frame = 0
 1648              		@ frame_needed = 0, uses_anonymous_args = 0
ARM GAS  C:\Users\colle\AppData\Local\Temp\cchQjEtO.s 			page 51


 1649 0000 08B5     		push	{r3, lr}
 1650              		.cfi_def_cfa_offset 8
 1651              		.cfi_offset 3, -8
 1652              		.cfi_offset 14, -4
 968:Drivers/STM32F4xx_HAL_Driver/Src/stm32f4xx_hal_rcc.c ****   /* Get HCLK source and Compute PCLK2 frequency ---------------------------*/
 969:Drivers/STM32F4xx_HAL_Driver/Src/stm32f4xx_hal_rcc.c ****   return (HAL_RCC_GetHCLKFreq() >> APBPrescTable[(RCC->CFGR & RCC_CFGR_PPRE2) >> RCC_CFGR_PPRE2_Pos
 1653              		.loc 1 969 3 view .LVU507
 1654              		.loc 1 969 11 is_stmt 0 view .LVU508
 1655 0002 FFF7FEFF 		bl	HAL_RCC_GetHCLKFreq
 1656              	.LVL101:
 1657              		.loc 1 969 54 discriminator 1 view .LVU509
 1658 0006 044B     		ldr	r3, .L157
 1659 0008 9B68     		ldr	r3, [r3, #8]
 1660              		.loc 1 969 79 discriminator 1 view .LVU510
 1661 000a C3F34233 		ubfx	r3, r3, #13, #3
 1662              		.loc 1 969 49 discriminator 1 view .LVU511
 1663 000e 034A     		ldr	r2, .L157+4
 1664 0010 D35C     		ldrb	r3, [r2, r3]	@ zero_extendqisi2
 970:Drivers/STM32F4xx_HAL_Driver/Src/stm32f4xx_hal_rcc.c **** }
 1665              		.loc 1 970 1 view .LVU512
 1666 0012 D840     		lsrs	r0, r0, r3
 1667 0014 08BD     		pop	{r3, pc}
 1668              	.L158:
 1669 0016 00BF     		.align	2
 1670              	.L157:
 1671 0018 00380240 		.word	1073887232
 1672 001c 00000000 		.word	APBPrescTable
 1673              		.cfi_endproc
 1674              	.LFE143:
 1676              		.section	.text.HAL_RCC_GetOscConfig,"ax",%progbits
 1677              		.align	1
 1678              		.weak	HAL_RCC_GetOscConfig
 1679              		.syntax unified
 1680              		.thumb
 1681              		.thumb_func
 1683              	HAL_RCC_GetOscConfig:
 1684              	.LVL102:
 1685              	.LFB144:
 971:Drivers/STM32F4xx_HAL_Driver/Src/stm32f4xx_hal_rcc.c **** 
 972:Drivers/STM32F4xx_HAL_Driver/Src/stm32f4xx_hal_rcc.c **** /**
 973:Drivers/STM32F4xx_HAL_Driver/Src/stm32f4xx_hal_rcc.c ****   * @brief  Configures the RCC_OscInitStruct according to the internal
 974:Drivers/STM32F4xx_HAL_Driver/Src/stm32f4xx_hal_rcc.c ****   * RCC configuration registers.
 975:Drivers/STM32F4xx_HAL_Driver/Src/stm32f4xx_hal_rcc.c ****   * @param  RCC_OscInitStruct pointer to an RCC_OscInitTypeDef structure that
 976:Drivers/STM32F4xx_HAL_Driver/Src/stm32f4xx_hal_rcc.c ****   * will be configured.
 977:Drivers/STM32F4xx_HAL_Driver/Src/stm32f4xx_hal_rcc.c ****   * @retval None
 978:Drivers/STM32F4xx_HAL_Driver/Src/stm32f4xx_hal_rcc.c ****   */
 979:Drivers/STM32F4xx_HAL_Driver/Src/stm32f4xx_hal_rcc.c **** __weak void HAL_RCC_GetOscConfig(RCC_OscInitTypeDef  *RCC_OscInitStruct)
 980:Drivers/STM32F4xx_HAL_Driver/Src/stm32f4xx_hal_rcc.c **** {
 1686              		.loc 1 980 1 is_stmt 1 view -0
 1687              		.cfi_startproc
 1688              		@ args = 0, pretend = 0, frame = 0
 1689              		@ frame_needed = 0, uses_anonymous_args = 0
 1690              		@ link register save eliminated.
 981:Drivers/STM32F4xx_HAL_Driver/Src/stm32f4xx_hal_rcc.c ****   /* Set all possible values for the Oscillator type parameter ---------------*/
 982:Drivers/STM32F4xx_HAL_Driver/Src/stm32f4xx_hal_rcc.c ****   RCC_OscInitStruct->OscillatorType = RCC_OSCILLATORTYPE_HSE | RCC_OSCILLATORTYPE_HSI | RCC_OSCILLA
 1691              		.loc 1 982 3 view .LVU514
 1692              		.loc 1 982 37 is_stmt 0 view .LVU515
ARM GAS  C:\Users\colle\AppData\Local\Temp\cchQjEtO.s 			page 52


 1693 0000 0F23     		movs	r3, #15
 1694 0002 0360     		str	r3, [r0]
 983:Drivers/STM32F4xx_HAL_Driver/Src/stm32f4xx_hal_rcc.c **** 
 984:Drivers/STM32F4xx_HAL_Driver/Src/stm32f4xx_hal_rcc.c ****   /* Get the HSE configuration -----------------------------------------------*/
 985:Drivers/STM32F4xx_HAL_Driver/Src/stm32f4xx_hal_rcc.c ****   if ((RCC->CR & RCC_CR_HSEBYP) == RCC_CR_HSEBYP)
 1695              		.loc 1 985 3 is_stmt 1 view .LVU516
 1696              		.loc 1 985 11 is_stmt 0 view .LVU517
 1697 0004 304B     		ldr	r3, .L172
 1698 0006 1B68     		ldr	r3, [r3]
 1699              		.loc 1 985 6 view .LVU518
 1700 0008 13F4802F 		tst	r3, #262144
 1701 000c 3BD0     		beq	.L160
 986:Drivers/STM32F4xx_HAL_Driver/Src/stm32f4xx_hal_rcc.c ****   {
 987:Drivers/STM32F4xx_HAL_Driver/Src/stm32f4xx_hal_rcc.c ****     RCC_OscInitStruct->HSEState = RCC_HSE_BYPASS;
 1702              		.loc 1 987 5 is_stmt 1 view .LVU519
 1703              		.loc 1 987 33 is_stmt 0 view .LVU520
 1704 000e 4FF4A023 		mov	r3, #327680
 1705 0012 4360     		str	r3, [r0, #4]
 1706              	.L161:
 988:Drivers/STM32F4xx_HAL_Driver/Src/stm32f4xx_hal_rcc.c ****   }
 989:Drivers/STM32F4xx_HAL_Driver/Src/stm32f4xx_hal_rcc.c ****   else if ((RCC->CR & RCC_CR_HSEON) == RCC_CR_HSEON)
 990:Drivers/STM32F4xx_HAL_Driver/Src/stm32f4xx_hal_rcc.c ****   {
 991:Drivers/STM32F4xx_HAL_Driver/Src/stm32f4xx_hal_rcc.c ****     RCC_OscInitStruct->HSEState = RCC_HSE_ON;
 992:Drivers/STM32F4xx_HAL_Driver/Src/stm32f4xx_hal_rcc.c ****   }
 993:Drivers/STM32F4xx_HAL_Driver/Src/stm32f4xx_hal_rcc.c ****   else
 994:Drivers/STM32F4xx_HAL_Driver/Src/stm32f4xx_hal_rcc.c ****   {
 995:Drivers/STM32F4xx_HAL_Driver/Src/stm32f4xx_hal_rcc.c ****     RCC_OscInitStruct->HSEState = RCC_HSE_OFF;
 996:Drivers/STM32F4xx_HAL_Driver/Src/stm32f4xx_hal_rcc.c ****   }
 997:Drivers/STM32F4xx_HAL_Driver/Src/stm32f4xx_hal_rcc.c **** 
 998:Drivers/STM32F4xx_HAL_Driver/Src/stm32f4xx_hal_rcc.c ****   /* Get the HSI configuration -----------------------------------------------*/
 999:Drivers/STM32F4xx_HAL_Driver/Src/stm32f4xx_hal_rcc.c ****   if ((RCC->CR & RCC_CR_HSION) == RCC_CR_HSION)
 1707              		.loc 1 999 3 is_stmt 1 view .LVU521
 1708              		.loc 1 999 11 is_stmt 0 view .LVU522
 1709 0014 2C4B     		ldr	r3, .L172
 1710 0016 1B68     		ldr	r3, [r3]
 1711              		.loc 1 999 6 view .LVU523
 1712 0018 13F0010F 		tst	r3, #1
 1713 001c 3FD0     		beq	.L163
1000:Drivers/STM32F4xx_HAL_Driver/Src/stm32f4xx_hal_rcc.c ****   {
1001:Drivers/STM32F4xx_HAL_Driver/Src/stm32f4xx_hal_rcc.c ****     RCC_OscInitStruct->HSIState = RCC_HSI_ON;
 1714              		.loc 1 1001 5 is_stmt 1 view .LVU524
 1715              		.loc 1 1001 33 is_stmt 0 view .LVU525
 1716 001e 0123     		movs	r3, #1
 1717 0020 C360     		str	r3, [r0, #12]
 1718              	.L164:
1002:Drivers/STM32F4xx_HAL_Driver/Src/stm32f4xx_hal_rcc.c ****   }
1003:Drivers/STM32F4xx_HAL_Driver/Src/stm32f4xx_hal_rcc.c ****   else
1004:Drivers/STM32F4xx_HAL_Driver/Src/stm32f4xx_hal_rcc.c ****   {
1005:Drivers/STM32F4xx_HAL_Driver/Src/stm32f4xx_hal_rcc.c ****     RCC_OscInitStruct->HSIState = RCC_HSI_OFF;
1006:Drivers/STM32F4xx_HAL_Driver/Src/stm32f4xx_hal_rcc.c ****   }
1007:Drivers/STM32F4xx_HAL_Driver/Src/stm32f4xx_hal_rcc.c **** 
1008:Drivers/STM32F4xx_HAL_Driver/Src/stm32f4xx_hal_rcc.c ****   RCC_OscInitStruct->HSICalibrationValue = (uint32_t)((RCC->CR & RCC_CR_HSITRIM) >> RCC_CR_HSITRIM_
 1719              		.loc 1 1008 3 is_stmt 1 view .LVU526
 1720              		.loc 1 1008 59 is_stmt 0 view .LVU527
 1721 0022 294A     		ldr	r2, .L172
 1722 0024 1368     		ldr	r3, [r2]
 1723              		.loc 1 1008 44 view .LVU528
ARM GAS  C:\Users\colle\AppData\Local\Temp\cchQjEtO.s 			page 53


 1724 0026 C3F3C403 		ubfx	r3, r3, #3, #5
 1725              		.loc 1 1008 42 view .LVU529
 1726 002a 0361     		str	r3, [r0, #16]
1009:Drivers/STM32F4xx_HAL_Driver/Src/stm32f4xx_hal_rcc.c **** 
1010:Drivers/STM32F4xx_HAL_Driver/Src/stm32f4xx_hal_rcc.c ****   /* Get the LSE configuration -----------------------------------------------*/
1011:Drivers/STM32F4xx_HAL_Driver/Src/stm32f4xx_hal_rcc.c ****   if ((RCC->BDCR & RCC_BDCR_LSEBYP) == RCC_BDCR_LSEBYP)
 1727              		.loc 1 1011 3 is_stmt 1 view .LVU530
 1728              		.loc 1 1011 11 is_stmt 0 view .LVU531
 1729 002c 136F     		ldr	r3, [r2, #112]
 1730              		.loc 1 1011 6 view .LVU532
 1731 002e 13F0040F 		tst	r3, #4
 1732 0032 37D0     		beq	.L165
1012:Drivers/STM32F4xx_HAL_Driver/Src/stm32f4xx_hal_rcc.c ****   {
1013:Drivers/STM32F4xx_HAL_Driver/Src/stm32f4xx_hal_rcc.c ****     RCC_OscInitStruct->LSEState = RCC_LSE_BYPASS;
 1733              		.loc 1 1013 5 is_stmt 1 view .LVU533
 1734              		.loc 1 1013 33 is_stmt 0 view .LVU534
 1735 0034 0523     		movs	r3, #5
 1736 0036 8360     		str	r3, [r0, #8]
 1737              	.L166:
1014:Drivers/STM32F4xx_HAL_Driver/Src/stm32f4xx_hal_rcc.c ****   }
1015:Drivers/STM32F4xx_HAL_Driver/Src/stm32f4xx_hal_rcc.c ****   else if ((RCC->BDCR & RCC_BDCR_LSEON) == RCC_BDCR_LSEON)
1016:Drivers/STM32F4xx_HAL_Driver/Src/stm32f4xx_hal_rcc.c ****   {
1017:Drivers/STM32F4xx_HAL_Driver/Src/stm32f4xx_hal_rcc.c ****     RCC_OscInitStruct->LSEState = RCC_LSE_ON;
1018:Drivers/STM32F4xx_HAL_Driver/Src/stm32f4xx_hal_rcc.c ****   }
1019:Drivers/STM32F4xx_HAL_Driver/Src/stm32f4xx_hal_rcc.c ****   else
1020:Drivers/STM32F4xx_HAL_Driver/Src/stm32f4xx_hal_rcc.c ****   {
1021:Drivers/STM32F4xx_HAL_Driver/Src/stm32f4xx_hal_rcc.c ****     RCC_OscInitStruct->LSEState = RCC_LSE_OFF;
1022:Drivers/STM32F4xx_HAL_Driver/Src/stm32f4xx_hal_rcc.c ****   }
1023:Drivers/STM32F4xx_HAL_Driver/Src/stm32f4xx_hal_rcc.c **** 
1024:Drivers/STM32F4xx_HAL_Driver/Src/stm32f4xx_hal_rcc.c ****   /* Get the LSI configuration -----------------------------------------------*/
1025:Drivers/STM32F4xx_HAL_Driver/Src/stm32f4xx_hal_rcc.c ****   if ((RCC->CSR & RCC_CSR_LSION) == RCC_CSR_LSION)
 1738              		.loc 1 1025 3 is_stmt 1 view .LVU535
 1739              		.loc 1 1025 11 is_stmt 0 view .LVU536
 1740 0038 234B     		ldr	r3, .L172
 1741 003a 5B6F     		ldr	r3, [r3, #116]
 1742              		.loc 1 1025 6 view .LVU537
 1743 003c 13F0010F 		tst	r3, #1
 1744 0040 3BD0     		beq	.L168
1026:Drivers/STM32F4xx_HAL_Driver/Src/stm32f4xx_hal_rcc.c ****   {
1027:Drivers/STM32F4xx_HAL_Driver/Src/stm32f4xx_hal_rcc.c ****     RCC_OscInitStruct->LSIState = RCC_LSI_ON;
 1745              		.loc 1 1027 5 is_stmt 1 view .LVU538
 1746              		.loc 1 1027 33 is_stmt 0 view .LVU539
 1747 0042 0123     		movs	r3, #1
 1748 0044 4361     		str	r3, [r0, #20]
 1749              	.L169:
1028:Drivers/STM32F4xx_HAL_Driver/Src/stm32f4xx_hal_rcc.c ****   }
1029:Drivers/STM32F4xx_HAL_Driver/Src/stm32f4xx_hal_rcc.c ****   else
1030:Drivers/STM32F4xx_HAL_Driver/Src/stm32f4xx_hal_rcc.c ****   {
1031:Drivers/STM32F4xx_HAL_Driver/Src/stm32f4xx_hal_rcc.c ****     RCC_OscInitStruct->LSIState = RCC_LSI_OFF;
1032:Drivers/STM32F4xx_HAL_Driver/Src/stm32f4xx_hal_rcc.c ****   }
1033:Drivers/STM32F4xx_HAL_Driver/Src/stm32f4xx_hal_rcc.c **** 
1034:Drivers/STM32F4xx_HAL_Driver/Src/stm32f4xx_hal_rcc.c ****   /* Get the PLL configuration -----------------------------------------------*/
1035:Drivers/STM32F4xx_HAL_Driver/Src/stm32f4xx_hal_rcc.c ****   if ((RCC->CR & RCC_CR_PLLON) == RCC_CR_PLLON)
 1750              		.loc 1 1035 3 is_stmt 1 view .LVU540
 1751              		.loc 1 1035 11 is_stmt 0 view .LVU541
 1752 0046 204B     		ldr	r3, .L172
 1753 0048 1B68     		ldr	r3, [r3]
ARM GAS  C:\Users\colle\AppData\Local\Temp\cchQjEtO.s 			page 54


 1754              		.loc 1 1035 6 view .LVU542
 1755 004a 13F0807F 		tst	r3, #16777216
 1756 004e 37D0     		beq	.L170
1036:Drivers/STM32F4xx_HAL_Driver/Src/stm32f4xx_hal_rcc.c ****   {
1037:Drivers/STM32F4xx_HAL_Driver/Src/stm32f4xx_hal_rcc.c ****     RCC_OscInitStruct->PLL.PLLState = RCC_PLL_ON;
 1757              		.loc 1 1037 5 is_stmt 1 view .LVU543
 1758              		.loc 1 1037 37 is_stmt 0 view .LVU544
 1759 0050 0223     		movs	r3, #2
 1760 0052 8361     		str	r3, [r0, #24]
 1761              	.L171:
1038:Drivers/STM32F4xx_HAL_Driver/Src/stm32f4xx_hal_rcc.c ****   }
1039:Drivers/STM32F4xx_HAL_Driver/Src/stm32f4xx_hal_rcc.c ****   else
1040:Drivers/STM32F4xx_HAL_Driver/Src/stm32f4xx_hal_rcc.c ****   {
1041:Drivers/STM32F4xx_HAL_Driver/Src/stm32f4xx_hal_rcc.c ****     RCC_OscInitStruct->PLL.PLLState = RCC_PLL_OFF;
1042:Drivers/STM32F4xx_HAL_Driver/Src/stm32f4xx_hal_rcc.c ****   }
1043:Drivers/STM32F4xx_HAL_Driver/Src/stm32f4xx_hal_rcc.c ****   RCC_OscInitStruct->PLL.PLLSource = (uint32_t)(RCC->PLLCFGR & RCC_PLLCFGR_PLLSRC);
 1762              		.loc 1 1043 3 is_stmt 1 view .LVU545
 1763              		.loc 1 1043 52 is_stmt 0 view .LVU546
 1764 0054 1C4A     		ldr	r2, .L172
 1765 0056 5368     		ldr	r3, [r2, #4]
 1766              		.loc 1 1043 38 view .LVU547
 1767 0058 03F48003 		and	r3, r3, #4194304
 1768              		.loc 1 1043 36 view .LVU548
 1769 005c C361     		str	r3, [r0, #28]
1044:Drivers/STM32F4xx_HAL_Driver/Src/stm32f4xx_hal_rcc.c ****   RCC_OscInitStruct->PLL.PLLM = (uint32_t)(RCC->PLLCFGR & RCC_PLLCFGR_PLLM);
 1770              		.loc 1 1044 3 is_stmt 1 view .LVU549
 1771              		.loc 1 1044 47 is_stmt 0 view .LVU550
 1772 005e 5368     		ldr	r3, [r2, #4]
 1773              		.loc 1 1044 33 view .LVU551
 1774 0060 03F03F03 		and	r3, r3, #63
 1775              		.loc 1 1044 31 view .LVU552
 1776 0064 0362     		str	r3, [r0, #32]
1045:Drivers/STM32F4xx_HAL_Driver/Src/stm32f4xx_hal_rcc.c ****   RCC_OscInitStruct->PLL.PLLN = (uint32_t)((RCC->PLLCFGR & RCC_PLLCFGR_PLLN) >> RCC_PLLCFGR_PLLN_Po
 1777              		.loc 1 1045 3 is_stmt 1 view .LVU553
 1778              		.loc 1 1045 48 is_stmt 0 view .LVU554
 1779 0066 5368     		ldr	r3, [r2, #4]
 1780              		.loc 1 1045 33 view .LVU555
 1781 0068 C3F38813 		ubfx	r3, r3, #6, #9
 1782              		.loc 1 1045 31 view .LVU556
 1783 006c 4362     		str	r3, [r0, #36]
1046:Drivers/STM32F4xx_HAL_Driver/Src/stm32f4xx_hal_rcc.c ****   RCC_OscInitStruct->PLL.PLLP = (uint32_t)((((RCC->PLLCFGR & RCC_PLLCFGR_PLLP) + RCC_PLLCFGR_PLLP_0
 1784              		.loc 1 1046 3 is_stmt 1 view .LVU557
 1785              		.loc 1 1046 50 is_stmt 0 view .LVU558
 1786 006e 5368     		ldr	r3, [r2, #4]
 1787              		.loc 1 1046 60 view .LVU559
 1788 0070 03F44033 		and	r3, r3, #196608
 1789              		.loc 1 1046 80 view .LVU560
 1790 0074 03F58033 		add	r3, r3, #65536
 1791              		.loc 1 1046 33 view .LVU561
 1792 0078 DB0B     		lsrs	r3, r3, #15
 1793              		.loc 1 1046 31 view .LVU562
 1794 007a 8362     		str	r3, [r0, #40]
1047:Drivers/STM32F4xx_HAL_Driver/Src/stm32f4xx_hal_rcc.c ****   RCC_OscInitStruct->PLL.PLLQ = (uint32_t)((RCC->PLLCFGR & RCC_PLLCFGR_PLLQ) >> RCC_PLLCFGR_PLLQ_Po
 1795              		.loc 1 1047 3 is_stmt 1 view .LVU563
 1796              		.loc 1 1047 48 is_stmt 0 view .LVU564
 1797 007c 5368     		ldr	r3, [r2, #4]
 1798              		.loc 1 1047 33 view .LVU565
ARM GAS  C:\Users\colle\AppData\Local\Temp\cchQjEtO.s 			page 55


 1799 007e C3F30363 		ubfx	r3, r3, #24, #4
 1800              		.loc 1 1047 31 view .LVU566
 1801 0082 C362     		str	r3, [r0, #44]
1048:Drivers/STM32F4xx_HAL_Driver/Src/stm32f4xx_hal_rcc.c **** }
 1802              		.loc 1 1048 1 view .LVU567
 1803 0084 7047     		bx	lr
 1804              	.L160:
 989:Drivers/STM32F4xx_HAL_Driver/Src/stm32f4xx_hal_rcc.c ****   {
 1805              		.loc 1 989 8 is_stmt 1 view .LVU568
 989:Drivers/STM32F4xx_HAL_Driver/Src/stm32f4xx_hal_rcc.c ****   {
 1806              		.loc 1 989 16 is_stmt 0 view .LVU569
 1807 0086 104B     		ldr	r3, .L172
 1808 0088 1B68     		ldr	r3, [r3]
 989:Drivers/STM32F4xx_HAL_Driver/Src/stm32f4xx_hal_rcc.c ****   {
 1809              		.loc 1 989 11 view .LVU570
 1810 008a 13F4803F 		tst	r3, #65536
 1811 008e 03D0     		beq	.L162
 991:Drivers/STM32F4xx_HAL_Driver/Src/stm32f4xx_hal_rcc.c ****   }
 1812              		.loc 1 991 5 is_stmt 1 view .LVU571
 991:Drivers/STM32F4xx_HAL_Driver/Src/stm32f4xx_hal_rcc.c ****   }
 1813              		.loc 1 991 33 is_stmt 0 view .LVU572
 1814 0090 4FF48033 		mov	r3, #65536
 1815 0094 4360     		str	r3, [r0, #4]
 1816 0096 BDE7     		b	.L161
 1817              	.L162:
 995:Drivers/STM32F4xx_HAL_Driver/Src/stm32f4xx_hal_rcc.c ****   }
 1818              		.loc 1 995 5 is_stmt 1 view .LVU573
 995:Drivers/STM32F4xx_HAL_Driver/Src/stm32f4xx_hal_rcc.c ****   }
 1819              		.loc 1 995 33 is_stmt 0 view .LVU574
 1820 0098 0023     		movs	r3, #0
 1821 009a 4360     		str	r3, [r0, #4]
 1822 009c BAE7     		b	.L161
 1823              	.L163:
1005:Drivers/STM32F4xx_HAL_Driver/Src/stm32f4xx_hal_rcc.c ****   }
 1824              		.loc 1 1005 5 is_stmt 1 view .LVU575
1005:Drivers/STM32F4xx_HAL_Driver/Src/stm32f4xx_hal_rcc.c ****   }
 1825              		.loc 1 1005 33 is_stmt 0 view .LVU576
 1826 009e 0023     		movs	r3, #0
 1827 00a0 C360     		str	r3, [r0, #12]
 1828 00a2 BEE7     		b	.L164
 1829              	.L165:
1015:Drivers/STM32F4xx_HAL_Driver/Src/stm32f4xx_hal_rcc.c ****   {
 1830              		.loc 1 1015 8 is_stmt 1 view .LVU577
1015:Drivers/STM32F4xx_HAL_Driver/Src/stm32f4xx_hal_rcc.c ****   {
 1831              		.loc 1 1015 16 is_stmt 0 view .LVU578
 1832 00a4 084B     		ldr	r3, .L172
 1833 00a6 1B6F     		ldr	r3, [r3, #112]
1015:Drivers/STM32F4xx_HAL_Driver/Src/stm32f4xx_hal_rcc.c ****   {
 1834              		.loc 1 1015 11 view .LVU579
 1835 00a8 13F0010F 		tst	r3, #1
 1836 00ac 02D0     		beq	.L167
1017:Drivers/STM32F4xx_HAL_Driver/Src/stm32f4xx_hal_rcc.c ****   }
 1837              		.loc 1 1017 5 is_stmt 1 view .LVU580
1017:Drivers/STM32F4xx_HAL_Driver/Src/stm32f4xx_hal_rcc.c ****   }
 1838              		.loc 1 1017 33 is_stmt 0 view .LVU581
 1839 00ae 0123     		movs	r3, #1
 1840 00b0 8360     		str	r3, [r0, #8]
ARM GAS  C:\Users\colle\AppData\Local\Temp\cchQjEtO.s 			page 56


 1841 00b2 C1E7     		b	.L166
 1842              	.L167:
1021:Drivers/STM32F4xx_HAL_Driver/Src/stm32f4xx_hal_rcc.c ****   }
 1843              		.loc 1 1021 5 is_stmt 1 view .LVU582
1021:Drivers/STM32F4xx_HAL_Driver/Src/stm32f4xx_hal_rcc.c ****   }
 1844              		.loc 1 1021 33 is_stmt 0 view .LVU583
 1845 00b4 0023     		movs	r3, #0
 1846 00b6 8360     		str	r3, [r0, #8]
 1847 00b8 BEE7     		b	.L166
 1848              	.L168:
1031:Drivers/STM32F4xx_HAL_Driver/Src/stm32f4xx_hal_rcc.c ****   }
 1849              		.loc 1 1031 5 is_stmt 1 view .LVU584
1031:Drivers/STM32F4xx_HAL_Driver/Src/stm32f4xx_hal_rcc.c ****   }
 1850              		.loc 1 1031 33 is_stmt 0 view .LVU585
 1851 00ba 0023     		movs	r3, #0
 1852 00bc 4361     		str	r3, [r0, #20]
 1853 00be C2E7     		b	.L169
 1854              	.L170:
1041:Drivers/STM32F4xx_HAL_Driver/Src/stm32f4xx_hal_rcc.c ****   }
 1855              		.loc 1 1041 5 is_stmt 1 view .LVU586
1041:Drivers/STM32F4xx_HAL_Driver/Src/stm32f4xx_hal_rcc.c ****   }
 1856              		.loc 1 1041 37 is_stmt 0 view .LVU587
 1857 00c0 0123     		movs	r3, #1
 1858 00c2 8361     		str	r3, [r0, #24]
 1859 00c4 C6E7     		b	.L171
 1860              	.L173:
 1861 00c6 00BF     		.align	2
 1862              	.L172:
 1863 00c8 00380240 		.word	1073887232
 1864              		.cfi_endproc
 1865              	.LFE144:
 1867              		.section	.text.HAL_RCC_GetClockConfig,"ax",%progbits
 1868              		.align	1
 1869              		.global	HAL_RCC_GetClockConfig
 1870              		.syntax unified
 1871              		.thumb
 1872              		.thumb_func
 1874              	HAL_RCC_GetClockConfig:
 1875              	.LVL103:
 1876              	.LFB145:
1049:Drivers/STM32F4xx_HAL_Driver/Src/stm32f4xx_hal_rcc.c **** 
1050:Drivers/STM32F4xx_HAL_Driver/Src/stm32f4xx_hal_rcc.c **** /**
1051:Drivers/STM32F4xx_HAL_Driver/Src/stm32f4xx_hal_rcc.c ****   * @brief  Configures the RCC_ClkInitStruct according to the internal
1052:Drivers/STM32F4xx_HAL_Driver/Src/stm32f4xx_hal_rcc.c ****   * RCC configuration registers.
1053:Drivers/STM32F4xx_HAL_Driver/Src/stm32f4xx_hal_rcc.c ****   * @param  RCC_ClkInitStruct pointer to an RCC_ClkInitTypeDef structure that
1054:Drivers/STM32F4xx_HAL_Driver/Src/stm32f4xx_hal_rcc.c ****   * will be configured.
1055:Drivers/STM32F4xx_HAL_Driver/Src/stm32f4xx_hal_rcc.c ****   * @param  pFLatency Pointer on the Flash Latency.
1056:Drivers/STM32F4xx_HAL_Driver/Src/stm32f4xx_hal_rcc.c ****   * @retval None
1057:Drivers/STM32F4xx_HAL_Driver/Src/stm32f4xx_hal_rcc.c ****   */
1058:Drivers/STM32F4xx_HAL_Driver/Src/stm32f4xx_hal_rcc.c **** void HAL_RCC_GetClockConfig(RCC_ClkInitTypeDef  *RCC_ClkInitStruct, uint32_t *pFLatency)
1059:Drivers/STM32F4xx_HAL_Driver/Src/stm32f4xx_hal_rcc.c **** {
 1877              		.loc 1 1059 1 is_stmt 1 view -0
 1878              		.cfi_startproc
 1879              		@ args = 0, pretend = 0, frame = 0
 1880              		@ frame_needed = 0, uses_anonymous_args = 0
 1881              		@ link register save eliminated.
1060:Drivers/STM32F4xx_HAL_Driver/Src/stm32f4xx_hal_rcc.c ****   /* Set all possible values for the Clock type parameter --------------------*/
ARM GAS  C:\Users\colle\AppData\Local\Temp\cchQjEtO.s 			page 57


1061:Drivers/STM32F4xx_HAL_Driver/Src/stm32f4xx_hal_rcc.c ****   RCC_ClkInitStruct->ClockType = RCC_CLOCKTYPE_SYSCLK | RCC_CLOCKTYPE_HCLK | RCC_CLOCKTYPE_PCLK1 | 
 1882              		.loc 1 1061 3 view .LVU589
 1883              		.loc 1 1061 32 is_stmt 0 view .LVU590
 1884 0000 0F23     		movs	r3, #15
 1885 0002 0360     		str	r3, [r0]
1062:Drivers/STM32F4xx_HAL_Driver/Src/stm32f4xx_hal_rcc.c **** 
1063:Drivers/STM32F4xx_HAL_Driver/Src/stm32f4xx_hal_rcc.c ****   /* Get the SYSCLK configuration --------------------------------------------*/
1064:Drivers/STM32F4xx_HAL_Driver/Src/stm32f4xx_hal_rcc.c ****   RCC_ClkInitStruct->SYSCLKSource = (uint32_t)(RCC->CFGR & RCC_CFGR_SW);
 1886              		.loc 1 1064 3 is_stmt 1 view .LVU591
 1887              		.loc 1 1064 51 is_stmt 0 view .LVU592
 1888 0004 0B4B     		ldr	r3, .L175
 1889 0006 9A68     		ldr	r2, [r3, #8]
 1890              		.loc 1 1064 37 view .LVU593
 1891 0008 02F00302 		and	r2, r2, #3
 1892              		.loc 1 1064 35 view .LVU594
 1893 000c 4260     		str	r2, [r0, #4]
1065:Drivers/STM32F4xx_HAL_Driver/Src/stm32f4xx_hal_rcc.c **** 
1066:Drivers/STM32F4xx_HAL_Driver/Src/stm32f4xx_hal_rcc.c ****   /* Get the HCLK configuration ----------------------------------------------*/
1067:Drivers/STM32F4xx_HAL_Driver/Src/stm32f4xx_hal_rcc.c ****   RCC_ClkInitStruct->AHBCLKDivider = (uint32_t)(RCC->CFGR & RCC_CFGR_HPRE);
 1894              		.loc 1 1067 3 is_stmt 1 view .LVU595
 1895              		.loc 1 1067 52 is_stmt 0 view .LVU596
 1896 000e 9A68     		ldr	r2, [r3, #8]
 1897              		.loc 1 1067 38 view .LVU597
 1898 0010 02F0F002 		and	r2, r2, #240
 1899              		.loc 1 1067 36 view .LVU598
 1900 0014 8260     		str	r2, [r0, #8]
1068:Drivers/STM32F4xx_HAL_Driver/Src/stm32f4xx_hal_rcc.c **** 
1069:Drivers/STM32F4xx_HAL_Driver/Src/stm32f4xx_hal_rcc.c ****   /* Get the APB1 configuration ----------------------------------------------*/
1070:Drivers/STM32F4xx_HAL_Driver/Src/stm32f4xx_hal_rcc.c ****   RCC_ClkInitStruct->APB1CLKDivider = (uint32_t)(RCC->CFGR & RCC_CFGR_PPRE1);
 1901              		.loc 1 1070 3 is_stmt 1 view .LVU599
 1902              		.loc 1 1070 53 is_stmt 0 view .LVU600
 1903 0016 9A68     		ldr	r2, [r3, #8]
 1904              		.loc 1 1070 39 view .LVU601
 1905 0018 02F4E052 		and	r2, r2, #7168
 1906              		.loc 1 1070 37 view .LVU602
 1907 001c C260     		str	r2, [r0, #12]
1071:Drivers/STM32F4xx_HAL_Driver/Src/stm32f4xx_hal_rcc.c **** 
1072:Drivers/STM32F4xx_HAL_Driver/Src/stm32f4xx_hal_rcc.c ****   /* Get the APB2 configuration ----------------------------------------------*/
1073:Drivers/STM32F4xx_HAL_Driver/Src/stm32f4xx_hal_rcc.c ****   RCC_ClkInitStruct->APB2CLKDivider = (uint32_t)((RCC->CFGR & RCC_CFGR_PPRE2) >> 3U);
 1908              		.loc 1 1073 3 is_stmt 1 view .LVU603
 1909              		.loc 1 1073 54 is_stmt 0 view .LVU604
 1910 001e 9B68     		ldr	r3, [r3, #8]
 1911              		.loc 1 1073 39 view .LVU605
 1912 0020 DB08     		lsrs	r3, r3, #3
 1913 0022 03F4E053 		and	r3, r3, #7168
 1914              		.loc 1 1073 37 view .LVU606
 1915 0026 0361     		str	r3, [r0, #16]
1074:Drivers/STM32F4xx_HAL_Driver/Src/stm32f4xx_hal_rcc.c **** 
1075:Drivers/STM32F4xx_HAL_Driver/Src/stm32f4xx_hal_rcc.c ****   /* Get the Flash Wait State (Latency) configuration ------------------------*/
1076:Drivers/STM32F4xx_HAL_Driver/Src/stm32f4xx_hal_rcc.c ****   *pFLatency = (uint32_t)(FLASH->ACR & FLASH_ACR_LATENCY);
 1916              		.loc 1 1076 3 is_stmt 1 view .LVU607
 1917              		.loc 1 1076 32 is_stmt 0 view .LVU608
 1918 0028 034B     		ldr	r3, .L175+4
 1919 002a 1B68     		ldr	r3, [r3]
 1920              		.loc 1 1076 16 view .LVU609
 1921 002c 03F00703 		and	r3, r3, #7
 1922              		.loc 1 1076 14 view .LVU610
ARM GAS  C:\Users\colle\AppData\Local\Temp\cchQjEtO.s 			page 58


 1923 0030 0B60     		str	r3, [r1]
1077:Drivers/STM32F4xx_HAL_Driver/Src/stm32f4xx_hal_rcc.c **** }
 1924              		.loc 1 1077 1 view .LVU611
 1925 0032 7047     		bx	lr
 1926              	.L176:
 1927              		.align	2
 1928              	.L175:
 1929 0034 00380240 		.word	1073887232
 1930 0038 003C0240 		.word	1073888256
 1931              		.cfi_endproc
 1932              	.LFE145:
 1934              		.section	.text.HAL_RCC_CSSCallback,"ax",%progbits
 1935              		.align	1
 1936              		.weak	HAL_RCC_CSSCallback
 1937              		.syntax unified
 1938              		.thumb
 1939              		.thumb_func
 1941              	HAL_RCC_CSSCallback:
 1942              	.LFB147:
1078:Drivers/STM32F4xx_HAL_Driver/Src/stm32f4xx_hal_rcc.c **** 
1079:Drivers/STM32F4xx_HAL_Driver/Src/stm32f4xx_hal_rcc.c **** /**
1080:Drivers/STM32F4xx_HAL_Driver/Src/stm32f4xx_hal_rcc.c ****   * @brief This function handles the RCC CSS interrupt request.
1081:Drivers/STM32F4xx_HAL_Driver/Src/stm32f4xx_hal_rcc.c ****   * @note This API should be called under the NMI_Handler().
1082:Drivers/STM32F4xx_HAL_Driver/Src/stm32f4xx_hal_rcc.c ****   * @retval None
1083:Drivers/STM32F4xx_HAL_Driver/Src/stm32f4xx_hal_rcc.c ****   */
1084:Drivers/STM32F4xx_HAL_Driver/Src/stm32f4xx_hal_rcc.c **** void HAL_RCC_NMI_IRQHandler(void)
1085:Drivers/STM32F4xx_HAL_Driver/Src/stm32f4xx_hal_rcc.c **** {
1086:Drivers/STM32F4xx_HAL_Driver/Src/stm32f4xx_hal_rcc.c ****   /* Check RCC CSSF flag  */
1087:Drivers/STM32F4xx_HAL_Driver/Src/stm32f4xx_hal_rcc.c ****   if (__HAL_RCC_GET_IT(RCC_IT_CSS))
1088:Drivers/STM32F4xx_HAL_Driver/Src/stm32f4xx_hal_rcc.c ****   {
1089:Drivers/STM32F4xx_HAL_Driver/Src/stm32f4xx_hal_rcc.c ****     /* RCC Clock Security System interrupt user callback */
1090:Drivers/STM32F4xx_HAL_Driver/Src/stm32f4xx_hal_rcc.c ****     HAL_RCC_CSSCallback();
1091:Drivers/STM32F4xx_HAL_Driver/Src/stm32f4xx_hal_rcc.c **** 
1092:Drivers/STM32F4xx_HAL_Driver/Src/stm32f4xx_hal_rcc.c ****     /* Clear RCC CSS pending bit */
1093:Drivers/STM32F4xx_HAL_Driver/Src/stm32f4xx_hal_rcc.c ****     __HAL_RCC_CLEAR_IT(RCC_IT_CSS);
1094:Drivers/STM32F4xx_HAL_Driver/Src/stm32f4xx_hal_rcc.c ****   }
1095:Drivers/STM32F4xx_HAL_Driver/Src/stm32f4xx_hal_rcc.c **** }
1096:Drivers/STM32F4xx_HAL_Driver/Src/stm32f4xx_hal_rcc.c **** 
1097:Drivers/STM32F4xx_HAL_Driver/Src/stm32f4xx_hal_rcc.c **** /**
1098:Drivers/STM32F4xx_HAL_Driver/Src/stm32f4xx_hal_rcc.c ****   * @brief  RCC Clock Security System interrupt callback
1099:Drivers/STM32F4xx_HAL_Driver/Src/stm32f4xx_hal_rcc.c ****   * @retval None
1100:Drivers/STM32F4xx_HAL_Driver/Src/stm32f4xx_hal_rcc.c ****   */
1101:Drivers/STM32F4xx_HAL_Driver/Src/stm32f4xx_hal_rcc.c **** __weak void HAL_RCC_CSSCallback(void)
1102:Drivers/STM32F4xx_HAL_Driver/Src/stm32f4xx_hal_rcc.c **** {
 1943              		.loc 1 1102 1 is_stmt 1 view -0
 1944              		.cfi_startproc
 1945              		@ args = 0, pretend = 0, frame = 0
 1946              		@ frame_needed = 0, uses_anonymous_args = 0
 1947              		@ link register save eliminated.
1103:Drivers/STM32F4xx_HAL_Driver/Src/stm32f4xx_hal_rcc.c ****   /* NOTE : This function Should not be modified, when the callback is needed,
1104:Drivers/STM32F4xx_HAL_Driver/Src/stm32f4xx_hal_rcc.c ****             the HAL_RCC_CSSCallback could be implemented in the user file
1105:Drivers/STM32F4xx_HAL_Driver/Src/stm32f4xx_hal_rcc.c ****    */
1106:Drivers/STM32F4xx_HAL_Driver/Src/stm32f4xx_hal_rcc.c **** }
 1948              		.loc 1 1106 1 view .LVU613
 1949 0000 7047     		bx	lr
 1950              		.cfi_endproc
 1951              	.LFE147:
ARM GAS  C:\Users\colle\AppData\Local\Temp\cchQjEtO.s 			page 59


 1953              		.section	.text.HAL_RCC_NMI_IRQHandler,"ax",%progbits
 1954              		.align	1
 1955              		.global	HAL_RCC_NMI_IRQHandler
 1956              		.syntax unified
 1957              		.thumb
 1958              		.thumb_func
 1960              	HAL_RCC_NMI_IRQHandler:
 1961              	.LFB146:
1085:Drivers/STM32F4xx_HAL_Driver/Src/stm32f4xx_hal_rcc.c ****   /* Check RCC CSSF flag  */
 1962              		.loc 1 1085 1 view -0
 1963              		.cfi_startproc
 1964              		@ args = 0, pretend = 0, frame = 0
 1965              		@ frame_needed = 0, uses_anonymous_args = 0
 1966 0000 08B5     		push	{r3, lr}
 1967              		.cfi_def_cfa_offset 8
 1968              		.cfi_offset 3, -8
 1969              		.cfi_offset 14, -4
1087:Drivers/STM32F4xx_HAL_Driver/Src/stm32f4xx_hal_rcc.c ****   {
 1970              		.loc 1 1087 3 view .LVU615
1087:Drivers/STM32F4xx_HAL_Driver/Src/stm32f4xx_hal_rcc.c ****   {
 1971              		.loc 1 1087 7 is_stmt 0 view .LVU616
 1972 0002 064B     		ldr	r3, .L182
 1973 0004 DB68     		ldr	r3, [r3, #12]
1087:Drivers/STM32F4xx_HAL_Driver/Src/stm32f4xx_hal_rcc.c ****   {
 1974              		.loc 1 1087 6 view .LVU617
 1975 0006 13F0800F 		tst	r3, #128
 1976 000a 00D1     		bne	.L181
 1977              	.L178:
1095:Drivers/STM32F4xx_HAL_Driver/Src/stm32f4xx_hal_rcc.c **** 
 1978              		.loc 1 1095 1 view .LVU618
 1979 000c 08BD     		pop	{r3, pc}
 1980              	.L181:
1090:Drivers/STM32F4xx_HAL_Driver/Src/stm32f4xx_hal_rcc.c **** 
 1981              		.loc 1 1090 5 is_stmt 1 view .LVU619
 1982 000e FFF7FEFF 		bl	HAL_RCC_CSSCallback
 1983              	.LVL104:
1093:Drivers/STM32F4xx_HAL_Driver/Src/stm32f4xx_hal_rcc.c ****   }
 1984              		.loc 1 1093 5 view .LVU620
 1985 0012 024B     		ldr	r3, .L182
 1986 0014 8022     		movs	r2, #128
 1987 0016 9A73     		strb	r2, [r3, #14]
1095:Drivers/STM32F4xx_HAL_Driver/Src/stm32f4xx_hal_rcc.c **** 
 1988              		.loc 1 1095 1 is_stmt 0 view .LVU621
 1989 0018 F8E7     		b	.L178
 1990              	.L183:
 1991 001a 00BF     		.align	2
 1992              	.L182:
 1993 001c 00380240 		.word	1073887232
 1994              		.cfi_endproc
 1995              	.LFE146:
 1997              		.text
 1998              	.Letext0:
 1999              		.file 2 "C:/Users/colle/AppData/Roaming/Code/User/globalStorage/bmd.stm32-for-vscode/@xpack-dev-to
 2000              		.file 3 "C:/Users/colle/AppData/Roaming/Code/User/globalStorage/bmd.stm32-for-vscode/@xpack-dev-to
 2001              		.file 4 "Drivers/CMSIS/Device/ST/STM32F4xx/Include/system_stm32f4xx.h"
 2002              		.file 5 "Drivers/CMSIS/Device/ST/STM32F4xx/Include/stm32f401xe.h"
 2003              		.file 6 "Drivers/CMSIS/Device/ST/STM32F4xx/Include/stm32f4xx.h"
ARM GAS  C:\Users\colle\AppData\Local\Temp\cchQjEtO.s 			page 60


 2004              		.file 7 "Drivers/STM32F4xx_HAL_Driver/Inc/stm32f4xx_hal_def.h"
 2005              		.file 8 "Drivers/STM32F4xx_HAL_Driver/Inc/stm32f4xx_hal_rcc_ex.h"
 2006              		.file 9 "Drivers/STM32F4xx_HAL_Driver/Inc/stm32f4xx_hal_rcc.h"
 2007              		.file 10 "Drivers/STM32F4xx_HAL_Driver/Inc/stm32f4xx_hal_gpio.h"
 2008              		.file 11 "Drivers/STM32F4xx_HAL_Driver/Inc/stm32f4xx_hal.h"
ARM GAS  C:\Users\colle\AppData\Local\Temp\cchQjEtO.s 			page 61


DEFINED SYMBOLS
                            *ABS*:00000000 stm32f4xx_hal_rcc.c
C:\Users\colle\AppData\Local\Temp\cchQjEtO.s:21     .text.HAL_RCC_DeInit:00000000 $t
C:\Users\colle\AppData\Local\Temp\cchQjEtO.s:27     .text.HAL_RCC_DeInit:00000000 HAL_RCC_DeInit
C:\Users\colle\AppData\Local\Temp\cchQjEtO.s:42     .text.HAL_RCC_OscConfig:00000000 $t
C:\Users\colle\AppData\Local\Temp\cchQjEtO.s:48     .text.HAL_RCC_OscConfig:00000000 HAL_RCC_OscConfig
C:\Users\colle\AppData\Local\Temp\cchQjEtO.s:584    .text.HAL_RCC_OscConfig:00000284 $d
C:\Users\colle\AppData\Local\Temp\cchQjEtO.s:589    .text.HAL_RCC_OscConfig:00000290 $t
C:\Users\colle\AppData\Local\Temp\cchQjEtO.s:911    .text.HAL_RCC_OscConfig:000003f4 $d
C:\Users\colle\AppData\Local\Temp\cchQjEtO.s:917    .text.HAL_RCC_MCOConfig:00000000 $t
C:\Users\colle\AppData\Local\Temp\cchQjEtO.s:923    .text.HAL_RCC_MCOConfig:00000000 HAL_RCC_MCOConfig
C:\Users\colle\AppData\Local\Temp\cchQjEtO.s:1070   .text.HAL_RCC_MCOConfig:00000090 $d
C:\Users\colle\AppData\Local\Temp\cchQjEtO.s:1077   .text.HAL_RCC_EnableCSS:00000000 $t
C:\Users\colle\AppData\Local\Temp\cchQjEtO.s:1083   .text.HAL_RCC_EnableCSS:00000000 HAL_RCC_EnableCSS
C:\Users\colle\AppData\Local\Temp\cchQjEtO.s:1100   .text.HAL_RCC_EnableCSS:00000008 $d
C:\Users\colle\AppData\Local\Temp\cchQjEtO.s:1105   .text.HAL_RCC_DisableCSS:00000000 $t
C:\Users\colle\AppData\Local\Temp\cchQjEtO.s:1111   .text.HAL_RCC_DisableCSS:00000000 HAL_RCC_DisableCSS
C:\Users\colle\AppData\Local\Temp\cchQjEtO.s:1128   .text.HAL_RCC_DisableCSS:00000008 $d
C:\Users\colle\AppData\Local\Temp\cchQjEtO.s:1133   .text.HAL_RCC_GetSysClockFreq:00000000 $t
C:\Users\colle\AppData\Local\Temp\cchQjEtO.s:1139   .text.HAL_RCC_GetSysClockFreq:00000000 HAL_RCC_GetSysClockFreq
C:\Users\colle\AppData\Local\Temp\cchQjEtO.s:1257   .text.HAL_RCC_GetSysClockFreq:0000009c $d
C:\Users\colle\AppData\Local\Temp\cchQjEtO.s:1264   .text.HAL_RCC_ClockConfig:00000000 $t
C:\Users\colle\AppData\Local\Temp\cchQjEtO.s:1270   .text.HAL_RCC_ClockConfig:00000000 HAL_RCC_ClockConfig
C:\Users\colle\AppData\Local\Temp\cchQjEtO.s:1562   .text.HAL_RCC_ClockConfig:0000014c $d
C:\Users\colle\AppData\Local\Temp\cchQjEtO.s:1571   .text.HAL_RCC_GetHCLKFreq:00000000 $t
C:\Users\colle\AppData\Local\Temp\cchQjEtO.s:1577   .text.HAL_RCC_GetHCLKFreq:00000000 HAL_RCC_GetHCLKFreq
C:\Users\colle\AppData\Local\Temp\cchQjEtO.s:1592   .text.HAL_RCC_GetHCLKFreq:00000008 $d
C:\Users\colle\AppData\Local\Temp\cchQjEtO.s:1597   .text.HAL_RCC_GetPCLK1Freq:00000000 $t
C:\Users\colle\AppData\Local\Temp\cchQjEtO.s:1603   .text.HAL_RCC_GetPCLK1Freq:00000000 HAL_RCC_GetPCLK1Freq
C:\Users\colle\AppData\Local\Temp\cchQjEtO.s:1631   .text.HAL_RCC_GetPCLK1Freq:00000018 $d
C:\Users\colle\AppData\Local\Temp\cchQjEtO.s:1637   .text.HAL_RCC_GetPCLK2Freq:00000000 $t
C:\Users\colle\AppData\Local\Temp\cchQjEtO.s:1643   .text.HAL_RCC_GetPCLK2Freq:00000000 HAL_RCC_GetPCLK2Freq
C:\Users\colle\AppData\Local\Temp\cchQjEtO.s:1671   .text.HAL_RCC_GetPCLK2Freq:00000018 $d
C:\Users\colle\AppData\Local\Temp\cchQjEtO.s:1677   .text.HAL_RCC_GetOscConfig:00000000 $t
C:\Users\colle\AppData\Local\Temp\cchQjEtO.s:1683   .text.HAL_RCC_GetOscConfig:00000000 HAL_RCC_GetOscConfig
C:\Users\colle\AppData\Local\Temp\cchQjEtO.s:1863   .text.HAL_RCC_GetOscConfig:000000c8 $d
C:\Users\colle\AppData\Local\Temp\cchQjEtO.s:1868   .text.HAL_RCC_GetClockConfig:00000000 $t
C:\Users\colle\AppData\Local\Temp\cchQjEtO.s:1874   .text.HAL_RCC_GetClockConfig:00000000 HAL_RCC_GetClockConfig
C:\Users\colle\AppData\Local\Temp\cchQjEtO.s:1929   .text.HAL_RCC_GetClockConfig:00000034 $d
C:\Users\colle\AppData\Local\Temp\cchQjEtO.s:1935   .text.HAL_RCC_CSSCallback:00000000 $t
C:\Users\colle\AppData\Local\Temp\cchQjEtO.s:1941   .text.HAL_RCC_CSSCallback:00000000 HAL_RCC_CSSCallback
C:\Users\colle\AppData\Local\Temp\cchQjEtO.s:1954   .text.HAL_RCC_NMI_IRQHandler:00000000 $t
C:\Users\colle\AppData\Local\Temp\cchQjEtO.s:1960   .text.HAL_RCC_NMI_IRQHandler:00000000 HAL_RCC_NMI_IRQHandler
C:\Users\colle\AppData\Local\Temp\cchQjEtO.s:1993   .text.HAL_RCC_NMI_IRQHandler:0000001c $d

UNDEFINED SYMBOLS
HAL_GetTick
HAL_GPIO_Init
__aeabi_uldivmod
HAL_InitTick
AHBPrescTable
SystemCoreClock
uwTickPrio
APBPrescTable
